id,tag,html,sent id,text,target
0,cv000,29590,0,"films adapted from comic books have had plenty of success , whether they're about superheroes ( batman , superman , spawn ) , or geared toward kids ( casper ) or the arthouse crowd ( ghost world ) , but there's never really been a comic book like from hell before .",pos
0,cv000,29590,1,"for starters , it was created by alan moore ( and eddie campbell ) , who brought the medium to a whole new level in the mid '80s with a 12-part series called the watchmen .",pos
0,cv000,29590,2,to say moore and campbell thoroughly researched the subject of jack the ripper would be like saying michael jackson is starting to look a little odd .,pos
0,cv000,29590,3,"the book ( or "" graphic novel , "" if you will ) is over 500 pages long and includes nearly 30 more that consist of nothing but footnotes .",pos
0,cv000,29590,4,"in other words , don't dismiss this film because of its source .",pos
0,cv000,29590,5,"if you can get past the whole comic book thing , you might find another stumbling block in from hell's directors , albert and allen hughes .",pos
0,cv000,29590,6,"getting the hughes brothers to direct this seems almost as ludicrous as casting carrot top in , well , anything , but riddle me this : who better to direct a film that's set in the ghetto and features really violent street crime than the mad geniuses behind menace ii society ?",pos
0,cv000,29590,7,"the ghetto in question is , of course , whitechapel in 1888 london's east end .",pos
0,cv000,29590,8,"it's a filthy , sooty place where the whores ( called "" unfortunates "" ) are starting to get a little nervous about this mysterious psychopath who has been carving through their profession with surgical precision .",pos
0,cv000,29590,9,"when the first stiff turns up , copper peter godley ( robbie coltrane , the world is not enough ) calls in inspector frederick abberline ( johnny depp , blow ) to crack the case .",pos
0,cv000,29590,10,"abberline , a widower , has prophetic dreams he unsuccessfully tries to quell with copious amounts of absinthe and opium .",pos
0,cv000,29590,11,"upon arriving in whitechapel , he befriends an unfortunate named mary kelly ( heather graham , say it isn't so ) and proceeds to investigate the horribly gruesome crimes that even the police surgeon can't stomach .",pos
0,cv000,29590,12,"i don't think anyone needs to be briefed on jack the ripper , so i won't go into the particulars here , other than to say moore and campbell have a unique and interesting theory about both the identity of the killer and the reasons he chooses to slay .",pos
0,cv000,29590,13,"in the comic , they don't bother cloaking the identity of the ripper , but screenwriters terry hayes ( vertical limit ) and rafael yglesias ( les mis ? rables ) do a good job of keeping him hidden from viewers until the very end .",pos
0,cv000,29590,14,"it's funny to watch the locals blindly point the finger of blame at jews and indians because , after all , an englishman could never be capable of committing such ghastly acts .",pos
0,cv000,29590,15,"and from hell's ending had me whistling the stonecutters song from the simpsons for days ( "" who holds back the electric car/who made steve guttenberg a star ? "" ) .",pos
0,cv000,29590,16,don't worry - it'll all make sense when you see it .,pos
0,cv000,29590,17,"now onto from hell's appearance : it's certainly dark and bleak enough , and it's surprising to see how much more it looks like a tim burton film than planet of the apes did ( at times , it seems like sleepy hollow 2 ) .",pos
0,cv000,29590,18,"the print i saw wasn't completely finished ( both color and music had not been finalized , so no comments about marilyn manson ) , but cinematographer peter deming ( don't say a word ) ably captures the dreariness of victorian-era london and helped make the flashy killing scenes remind me of the crazy flashbacks in twin peaks , even though the violence in the film pales in comparison to that in the black-and-white comic .",pos
0,cv000,29590,19,oscar winner martin childs' ( shakespeare in love ) production design turns the original prague surroundings into one creepy place .,pos
0,cv000,29590,20,"even the acting in from hell is solid , with the dreamy depp turning in a typically strong performance and deftly handling a british accent .",pos
0,cv000,29590,21,"ians holm ( joe gould's secret ) and richardson ( 102 dalmatians ) log in great supporting roles , but the big surprise here is graham .",pos
0,cv000,29590,22,"i cringed the first time she opened her mouth , imagining her attempt at an irish accent , but it actually wasn't half bad .",pos
0,cv000,29590,23,"the film , however , is all good .",pos
0,cv000,29590,24,"2 : 00 - r for strong violence/gore , sexuality , language and drug content",pos
0,cv001,18431,0,"every now and then a movie comes along from a suspect studio , with every indication that it will be a stinker , and to everybody's surprise ( perhaps even the studio ) the film becomes a critical darling .",pos
0,cv001,18431,1,"mtv films' _election , a high school comedy starring matthew broderick and reese witherspoon , is a current example .",pos
0,cv001,18431,2,did anybody know this film existed a week before it opened ?,pos
0,cv001,18431,3,the plot is deceptively simple .,pos
0,cv001,18431,4,george washington carver high school is having student elections .,pos
0,cv001,18431,5,"tracy flick ( reese witherspoon ) is an over-achiever with her hand raised at nearly every question , way , way , high .",pos
0,cv001,18431,6,"mr . "" m "" ( matthew broderick ) , sick of the megalomaniac student , encourages paul , a popular-but-slow jock to run .",pos
0,cv001,18431,7,"and paul's nihilistic sister jumps in the race as well , for personal reasons .",pos
0,cv001,18431,8,"the dark side of such sleeper success is that , because expectations were so low going in , the fact that this was quality stuff made the reviews even more enthusiastic than they have any right to be .",pos
0,cv001,18431,9,"you can't help going in with the baggage of glowing reviews , which is in contrast to the negative baggage that the reviewers were likely to have .",pos
0,cv001,18431,10,"_election , a good film , does not live up to its hype .",pos
0,cv001,18431,11,"what makes _election_ so disappointing is that it contains significant plot details lifted directly from _rushmore_ , released a few months earlier .",pos
0,cv001,18431,12,the similarities are staggering :,pos
0,cv001,18431,13,"tracy flick ( _election_ ) is the president of an extraordinary number of clubs , and is involved with the school play .",pos
0,cv001,18431,14,"max fischer ( _rushmore_ ) is the president of an extraordinary number of clubs , and is involved with the school play .",pos
0,cv001,18431,15,the most significant tension of _election_ is the potential relationship between a teacher and his student .,pos
0,cv001,18431,16,the most significant tension of _rushmore_ is the potential relationship between a teacher and his student .,pos
0,cv001,18431,17,"tracy flick is from a single parent home , which has contributed to her drive .",pos
0,cv001,18431,18,"max fischer is from a single parent home , which has contributed to his drive .",pos
0,cv001,18431,19,"the male bumbling adult in _election_ ( matthew broderick ) pursues an extramarital affair , gets caught , and his whole life is ruined .",pos
0,cv001,18431,20,he even gets a bee sting .,pos
0,cv001,18431,21,"the male bumbling adult in _rushmore_ ( bill murray ) pursues an extramarital affair , gets caught , and his whole life is ruined .",pos
0,cv001,18431,22,he gets several bee stings .,pos
0,cv001,18431,23,and so on .,pos
0,cv001,18431,24,what happened ?,pos
0,cv001,18431,25,"how is it that an individual screenplay ( _rushmore_ ) and a novel ( _election_ ) contain so many significant plot points , and yet both films were probably not even aware of each other , made from two different studios , from a genre ( the high school geeks revenge movie ) that hadn't been fully formed yet ?",pos
0,cv001,18431,26,"even so , the strengths of _election_ rely upon its fantastic performances from broderick , witherspoon , and newcomer jessica campbell , as paul's anti-social sister , tammy .",pos
0,cv001,18431,27,"broderick here is playing the mr . rooney role from _ferris bueller_ , and he seems to be having the most fun he's had since then .",pos
0,cv001,18431,28,witherspoon is a revelation .,pos
0,cv001,18431,29,"it's early in the year , it's a comedy , and teenagers have little clout , but for my money , witherspoon deserves an oscar nomination .",pos
0,cv001,18431,30,"and once campbell's character gets going , like in her fantastic speech in the gymnasium , then you're won over .",pos
0,cv001,18431,31,one thing that's been bothering me since i've seen it .,pos
0,cv001,18431,32,there is an extraordinary amount of sexuality in this film .,pos
0,cv001,18431,33,"i suppose that , coming from mtv films , i should expect no less . . .",pos
0,cv001,18431,34,"but the film starts off light and airy , like a sitcom .",pos
0,cv001,18431,35,"as the screws tighten , and the tensions mount , alexander payne decides to add elements that , frankly , distract from the story .",pos
0,cv001,18431,36,"it is bad enough that mr . m doesn't like tracy's determination to win at all costs , but did they have to throw in the student/teacher relationship ?",pos
0,cv001,18431,37,"even so , there's no logical reason why mr . m has an affair when he does .",pos
0,cv001,18431,38,"there's a lot to like in _election_ , but the plot similarities to _rushmore_ , and the tonal nosedive it takes as it gets explicitly sex-driven , mark this as a disappointment .",pos
0,cv002,15918,0,you've got mail works alot better than it deserves to .,pos
0,cv002,15918,1,"in order to make the film a success , all they had to do was cast two extremely popular and attractive stars , have them share the screen for about two hours and then collect the profits .",pos
0,cv002,15918,2,"no real acting was involved and there is not an original or inventive bone in it's body ( it's basically a complete re-shoot of the shop around the corner , only adding a few modern twists ) .",pos
0,cv002,15918,3,"essentially , it goes against and defies all concepts of good contemporary filmmaking .",pos
0,cv002,15918,4,"it's overly sentimental and at times terribly mushy , not to mention very manipulative .",pos
0,cv002,15918,5,"but oh , how enjoyable that manipulation is .",pos
0,cv002,15918,6,"but there must be something other than the casting and manipulation that makes the movie work as well as it does , because i absolutely hated the previous ryan/hanks teaming , sleepless in seattle .",pos
0,cv002,15918,7,"it couldn't have been the directing , because both films were helmed by the same woman .",pos
0,cv002,15918,8,"i haven't quite yet figured out what i liked so much about you've got mail , but then again , is that really important ?",pos
0,cv002,15918,9,"if you like something so much , why even question it ?",pos
0,cv002,15918,10,"again , the storyline is as cliched as they come .",pos
0,cv002,15918,11,"tom hanks plays joe fox , the insanely likeable owner of a discount book chain and meg ryan plays kathleen kelley , the even more insanely likeable proprietor of a family-run children's book shop called , in a nice homage , the shop around the corner .",pos
0,cv002,15918,12,fox and kelley soon become bitter rivals because the new fox books store is opening up right across the block from the small business .,pos
0,cv002,15918,13,"little do they know , they are already in love with each other over the internet , only neither party knows the other person's true identity .",pos
0,cv002,15918,14,the rest of the story isn't important because all it does is serve as a mere backdrop for the two stars to share the screen .,pos
0,cv002,15918,15,"sure , there are some mildly interesting subplots , but they all fail in comparison to the utter cuteness of the main relationship .",pos
0,cv002,15918,16,"all of this , of course , leads up to the predictable climax .",pos
0,cv002,15918,17,"but as foreseeable as the ending is , it's so damn cute and well-done that i doubt any movie in the entire year contains a scene the evokes as much pure joy as this part does .",pos
0,cv002,15918,18,"when ryan discovers the true identity of her online love , i was filled with such , for lack of a better word , happiness that for the first time all year , i actually left the theater smiling .",pos
0,cv003,11664,0,""" jaws "" is a rare film that grabs your attention before it shows you a single image on screen .",pos
0,cv003,11664,1,"the movie opens with blackness , and only distant , alien-like underwater sounds .",pos
0,cv003,11664,2,"then it comes , the first ominous bars of composer john williams' now infamous score .",pos
0,cv003,11664,3,dah-dum .,pos
0,cv003,11664,4,"from there , director steven spielberg wastes no time , taking us into the water on a midnight swim with a beautiful girl that turns deadly .",pos
0,cv003,11664,5,"right away he lets us know how vulnerable we all are floating in the ocean , and once "" jaws "" has attacked , it never relinquishes its grip .",pos
0,cv003,11664,6,"perhaps what is most outstanding about "" jaws "" is how spielberg builds the movie .",pos
0,cv003,11664,7,"he works it like a theatrical production , with a first act and a second act .",pos
0,cv003,11664,8,"unlike so many modern filmmakers , he has a great deal of restraint , and refuses to show us the shark until the middle of the second act .",pos
0,cv003,11664,9,"until then , he merely suggests its presence with creepy , subjective underwater shots and williams' music .",pos
0,cv003,11664,10,"he's building the tension bit by bit , so when it comes time for the climax , the shark's arrival is truly terrifying .",pos
0,cv003,11664,11,he doesn't let us get bored with the imagery .,pos
0,cv003,11664,12,"the first act opens with police chief martin brody ( roy scheider ) , a new york cop who has taken an easy , peaceful job running the police station on amity island , a fictitious new england resort town where there hasn't been a murder or a gun fired in 25 years .",pos
0,cv003,11664,13,"the island is shaken up by several vicious great white shark attacks right before the fourth of july , and the mayor , larry vaughn ( murray hamilton ) , doesn't want to shut down the beaches because the island is reliant on summer tourist money .",pos
0,cv003,11664,14,"brody is joined by matt hooper ( richard dreyfuss ) , a young , ambitious shark expert from the marine institute .",pos
0,cv003,11664,15,"hooper is as fascinated by the shark as he is determined to help brody stop it -- his knowledge about the exact workings of the shark ( "" it's a perfect engine , an eating machine "" ) make it that much more terrifying .",pos
0,cv003,11664,16,"when vaughn finally relents , hooper and brody join a crusty old shark killer named quint ( robert shaw ) on his decrepit boat , the orca , to search for the shark .",pos
0,cv003,11664,17,"the entire second act takes place on the orca as the three men hunt the shark , and inevitably , are hunted by it .",pos
0,cv003,11664,18,""" jaws "" is a thriller with a keen sense of humor and an incredible sense of pacing , tension , and horror .",pos
0,cv003,11664,19,"it is like ten movies all rolled into one , and it's no wonder it took america by storm in the summer of 1975 , taking in enough money to crown it the box office champ of all time ( until it was unceremoniously dethroned in 1977 by "" star wars "" ) .",pos
0,cv003,11664,20,"even today , fascination with this film is on par with hitchcock's "" psycho , "" and it never seems to age .",pos
0,cv003,11664,21,"although grand new technology exists that makes the technical sequences , including several mechanical sharks , obsolete , none of it could improve the film because it only would lead to overkill .",pos
0,cv003,11664,22,"the technical limitations faced by spielberg in 1975 may have actually produced a better film because it forced him to rely on traditional cinematic elements like pacing , characterization , sharp editing , and creative photography , instead of simply dousing the audience with digital shark effects .",pos
0,cv003,11664,23,"scheider , dreyfuss , and shaw were known actors at the time "" jaws "" was made , but none of them had the draw of a robert redford or paul newman .",pos
0,cv003,11664,24,"nevertheless , this film guaranteed them all successful careers because each gave an outstanding performance and refused to be overshadowed by the shark .",pos
0,cv003,11664,25,scheider hits just the right notes as a sympathetic husband and father caught in the political quagmire of doing what's right and going against the entire town .,pos
0,cv003,11664,26,""" it's your first summer here , you know , "" mayor vaughn warns him .",pos
0,cv003,11664,27,"dreyfuss , who had previously been seen in "" american graffiti "" ( 1973 ) and "" the apprenticeship of duddy kravitz "" ( 1974 ) gives a surprisingly mature , complex performance for someone who had literally only played kids and teenagers .",pos
0,cv003,11664,28,"however , most outstanding is the gnarled performance by robert shaw as the movie's captain ahab , a performance sorely overlooked by the academy awards .",pos
0,cv003,11664,29,"bordering of parody , shaw plays quint as a grizzled old loner whose machismo borders on masochism .",pos
0,cv003,11664,30,"he's slightly deranged , and shaw's performance is almost a caricature .",pos
0,cv003,11664,31,"however , there is one scene late in the film , when he and brody and hooper are below deck on the orca comparing scars .",pos
0,cv003,11664,32,quint is drawn into telling the story of his experiences aboard the u . s . s .,pos
0,cv003,11664,33,"indianapolis , a navy ship in world war ii that was sunk by the japanese .",pos
0,cv003,11664,34,"his tale of floating in the water for more than a week with over 1 , 000 other men while swarms of sharks slowly devoured them them is actually more hair-raising than anything spielberg put on screen .",pos
0,cv003,11664,35,"shaw delivers the story in one long take , and it is the best acting in the film .",pos
0,cv003,11664,36,"of course , we can't leave out the shark itself ; with its black eyes , endless rows of teeth , and insatiable urge to eat , it is basically the epitome of all mankind's fears about what is unknown and threatening in nature .",pos
0,cv003,11664,37,"a shark is such a perfect nemesis it is real -- having survived sinch the dinosaurs , great whites do exist , they can be as large as the shark in "" jaws , "" and they are a threat .",pos
0,cv003,11664,38,"every one of spielberg's subjective underwater shots makes us feel queasy because lets us see how we look to the shark : a bunch of writihing , dangling , completely unprotected legs just ready to be chomped into .",pos
0,cv003,11664,39,"the shark in "" jaws "" was actually a combination of actual footage and five different mechanical sharks ( all nicknamed "" bruce "" by the crew ) built to be shot from different angles .",pos
0,cv003,11664,40,"many have forgotten , but "" jaws "" was a sort of precursor to "" waterworld "" ( 1995 ) , a movie's who soggy production and cost overruns had universal studios worried about a bomb .",pos
0,cv003,11664,41,"but , as we can see now , spielberg overcame all the obstacles , and delivered one of the finest primal scare-thrillers ever to come out of hollywood .",pos
0,cv004,11636,0,moviemaking is a lot like being the general manager of an nfl team in the post-salary cap era -- you've got to know how to allocate your resources .,pos
0,cv004,11636,1,every dollar spent on a free-agent defensive tackle is one less dollar than you can spend on linebackers or safeties or centers .,pos
0,cv004,11636,2,"in the nfl , this leads to teams like the detroit lions , who boast a superstar running back with a huge contract , but can only field five guys named herb to block for him .",pos
0,cv004,11636,3,"in the movies , you end up with films like "" spawn "" , with a huge special-effects budget but not enough money to hire any recognizable actors .",pos
0,cv004,11636,4,jackie chan is the barry sanders of moviemaking .,pos
0,cv004,11636,5,he spins and darts across the screen like sanders cutting back through the defensive line .,pos
0,cv004,11636,6,"watching jackie in operation condor as he drives his motorcycle through the crowded streets of madrid , fleeing an armada of pursuers in identical black compact cars , is reminiscent of sanders running for daylight with the chicago bears in hot pursuit , except that sanders doesn't have to worry about rescuing runaway baby carriages .",pos
0,cv004,11636,7,"but like the lions star , jackie doesn't have anybody to block for him .",pos
0,cv004,11636,8,"almost every cent that's invested in a jackie chan movie goes for stunts , and as chan does his own stunts , the rest of the money goes to pay his hospital bills .",pos
0,cv004,11636,9,"this leaves about 75 cents to pay for things like directors ( chan directs ) , scripts and dubbing and supporting characters , not to mention the hideous title sequence .",pos
0,cv004,11636,10,this also explains why the movie was shot in odd places like morocco and spain .,pos
0,cv004,11636,11,"( chan's first release in this country , "" rumble in the bronx "" , was supposedly set in new york , but was filmed in vancouver , and in the chase scenes the canadian rockies are clearly visible . )",pos
0,cv004,11636,12,"heck , jackie doesn't even have enough money for a haircut , looks like , much less a personal hairstylist .",pos
0,cv004,11636,13,"in condor , chan plays the same character he's always played , himself , a mixture of bruce lee and tim allen , a master of both kung-fu and slapstick-fu .",pos
0,cv004,11636,14,"jackie is sent by the un to retrieve a cache of lost nazi gold in the north african desert , and is chased by a horde of neo-nazi sympathizers and two stereotypical arabs ( one of the things i like about jackie chan movies : no political correctness ) .",pos
0,cv004,11636,15,"he is joined by three women , who have little to do except scream , "" jackie , save us ! "" , and misuse firearms .",pos
0,cv004,11636,16,"the villain is an old nazi whose legs were broken in the secret base so that he has to be carried everywhere , and he's more pathetic than evil .",pos
0,cv004,11636,17,"en route , we have an extended motorcycle chase scene , a hilarious fight in the moroccan version of motel 6 with the neo-nazis , and two confrontations with savage natives .",pos
0,cv004,11636,18,"once at the secret desert base , there is a long chop-socky sequence , followed by the film's centerpiece , a wind-tunnel fight that's even better than the one in face/off .",pos
0,cv004,11636,19,"this is where the money was spent , on well-choreographed kung-fu sequences , on giant kevlar hamster balls , on smashed-up crates of bananas , and on scorpions .",pos
0,cv004,11636,20,"ignore the gaping holes in the plot ( how , exactly , if the villain's legs were broken , did he escape from the secret nazi base , and why didn't he take the key with him ? ) .",pos
0,cv004,11636,21,"don't worry about the production values , or what , exactly , the japanese girl was doing hitchhiking across the sahara .",pos
0,cv004,11636,22,just go see the movie .,pos
0,cv004,11636,23,"operation condor has pretentions of being a "" raiders of the lost ark "" knockoff , but one wonders what jackie could do with the raiders franchise blocking for him -- with a lawrence kazdan screenplay , a john williams score , spielberg directing and george lucas producing , condor might be an a+ movie .",pos
0,cv004,11636,24,"however , you've got to go with what you've got , and what you've got in jackie chan is something special -- a talent that mainstream hollywood should , could , and ought to utilize .",pos
0,cv005,29443,0,"on june 30 , 1960 , a self-taught , idealistic , yet pragmatic , young man became , at age 36 , the first head of government of a newly independent african state , formerly the belgian congo .",pos
0,cv005,29443,1,"two months later , he was ousted from his powerful position and hunted by government troops until he was captured and brutally murdered along with two aides .",pos
0,cv005,29443,2,"this little-known story of this meteoric rise and fall is told my international filmmaker raoul peck in "" lumumba . """,pos
0,cv005,29443,3,"patrice lumumba's ( eriq ebouaney ) story has been told previously by helmer peck in his 1991 award winning documentary , "" lumumba - death of a prophet , "" virtually guaranteeing that his new , fictional account of a patriot remains true to its subject .",pos
0,cv005,29443,4,"peck , with co-writer pascal bonitzer , begins at the end of the story of the young political leader .",pos
0,cv005,29443,5,we watch as two white men perform the gruesome task of dismembering the bodies of three black men .,pos
0,cv005,29443,6,"images of hatchets , saws and fast-emptying whiskey bottles accompany the grisly image .",pos
0,cv005,29443,7,jump back a few years to a meeting among the black leaders in the belgian-owned congo .,pos
0,cv005,29443,8,"a third class postal worker , lumumba , speaks his mind to heads of the most powerful tribes , proclaiming himself not tribal , not regional , but a national leader .",pos
0,cv005,29443,9,"his small , mobile party , the congolese national movement ( mnc ) is gaining prominence and patrice leaves his clerical job to sell beer , and get his face known , in the bustling capital , stanleyville .",pos
0,cv005,29443,10,"at a time when the colonial empires are falling down around the world , lumumba is in the right place at the right time and , through political savvy and chess-like manipulation , achieves a position of leadership of the mnc .",pos
0,cv005,29443,11,"as the date for independence approaches , he tactically positions himself to be the new nation's first prime minister and defense minister , supporting the presidency of joseph kasa vubu ( maka kotto ) .",pos
0,cv005,29443,12,"the coalition he created soon starts to fall apart as the former belgian masters continue to exert influence on the struggling nation as they strive to maintain economic hold on the country's vast natural resources of copper , diamonds , gold and more .",pos
0,cv005,29443,13,"lumumba won't seek the help of the us , knowing that they would try to create de facto american control of the fledgling government .",pos
0,cv005,29443,14,his initial investigation into soviet assistance immediately tags patrice as a communist and his integrity is overshadowed by the cold war threat of russian domination .,pos
0,cv005,29443,15,"the situation goes from bad to worse as the army mutinies , the remaining whites begin to evacuate or arm themselves , belgian troops violently intervene , the lucrative katanga province succeeds under the leadership of rival moise tschombe ( pascal nzonzi ) and lumumba is refused access to his own country when he returns from a conference abroad .",pos
0,cv005,29443,16,this tumultuous and little known period of modern african history saw a score of nations struggling for independence from the sometimes-odious colonialists who have ruled much of the world from their european seats of power for centuries .,pos
0,cv005,29443,17,"peck focuses his story on familiar material that strives to give an honest portrayal of patrice lumumba , his friend and foes and the independence movements that gripped africa in the 50's and 60's .",pos
0,cv005,29443,18,"( during the time the story takes place , many new nations , including nigeria and somalia , were born , with varying degrees of success and failure , usually dependent upon which country colonized them .",pos
0,cv005,29443,19,some colonial masters were better than others . ),pos
0,cv005,29443,20,"the effort involved in "" lumumba "" is quite ambitious as peck and his crew before and behind the camera strive to bring to life this slice of world history that might have gone unexplored for decades , if at all .",pos
0,cv005,29443,21,"production values are first rate on what must be a small , by us standards , budget .",pos
0,cv005,29443,22,the period feel and realistic african settings are nicely maintained in a production that traveled from zimbabwe to mozambique .,pos
0,cv005,29443,23,the screenplay covers a lot of ground and does yeoman's work in providing a great deal of detailed history while trying to do justice to the story of lumumba's life .,pos
0,cv005,29443,24,"the political side of things is evenly told in a linear , straightforward manner that teaches , not preaches .",pos
0,cv005,29443,25,"it concentrates on the good deeds of the man , if a bit as a stalwart saint , but doesn't embellish on a larger than life persona .",pos
0,cv005,29443,26,"the family side of patrice's life is handled in several , perfunctory and brief interludes that show him talking to one of his children , embracing his wife or lamenting the death of his child .",pos
0,cv005,29443,27,"i know the intent is to flesh the man out , but too short a shrift is given to the family man side of lumumba .",pos
0,cv005,29443,28,"the story , as such , has a lopsided feel about it .",pos
0,cv005,29443,29,high marks go to eriq ebouaney as the title character .,pos
0,cv005,29443,30,"the actor gives a convincing , charismatic performance as the multifaceted , politically deft patrice lumumba who has the good of his people and his country as the force driving his own ambitions .",pos
0,cv005,29443,31,"in true docudrama tradition , the supporting cast does not outshine the star , complementing his good efforts , instead .",pos
0,cv005,29443,32,""" lumumba "" is a solid , interesting , educational and honest docudrama that should appeal to film buffs and politicos , both .",pos
0,cv005,29443,33,it has more intelligence in its telling than anything i've seen out of hollywood for months and i give it a b+ .,pos
0,cv006,15448,0,"apparently , director tony kaye had a major battle with new line regarding his new film , american history x . i don't know the details of the fight , but it seems that he is not happy with the final product , and nearly removed his name from the credits altogether .",pos
0,cv006,15448,1,"i've heard about this kind of thing happening before , and it makes me wonder how much input a studio has over the films they produce .",pos
0,cv006,15448,2,"as it is , i found american history x to be an extremely good film , not just because of tony kaye's focused look at the touchy subject of racism , but because of a powerful , charismatic performance from edward norton .",pos
0,cv006,15448,3,"it's hard to believe that it has only been two years since norton's fantastic role in primal fear , but , here he is now , starring in his own film and making himself a star .",pos
0,cv006,15448,4,"norton is one of those performers who becomes his character , and his work in american history x is one of the very best performances this year .",pos
0,cv006,15448,5,"he plays a young man named derek vinyard , a skinhead living in venice beach with his brother , danny ( edward furlong ) , mother ( beverly d'angelo ) , and sister , davin ( jennifer lien ) .",pos
0,cv006,15448,6,"the film opens with a flashback , in which derek brutally kills two black men vandalizing his car .",pos
0,cv006,15448,7,"we find out that this lands him in prison , and the film from that point is seen through the eyes of danny .",pos
0,cv006,15448,8,"in the present-time of the film , danny is in high school , and eager to follow the footsteps of his brother .",pos
0,cv006,15448,9,"much of the film is told in flashback , and we see the path that leads to derek's adoption of white supremacy .",pos
0,cv006,15448,10,"when derek is released , having served three years in prison , he finds that his brother is now a full-blown skinhead ; derek , however , has given up the violence , and tries to get his brother to understand why racism and the violence that comes with it are bad things .",pos
0,cv006,15448,11,"what makes this all interesting is that these two young men are not stupid , thoughtless people -- they are intelligent and articulate , and voice their beliefs in disturbingly straightforward terms .",pos
0,cv006,15448,12,"it's hard to make a controversial movie and not preach , but kaye has found the right note for his material .",pos
0,cv006,15448,13,"because american history x is a mainstream film , there has to be a redemption phase for our main character -- some people may think that this is the only way to make him sympathetic .",pos
0,cv006,15448,14,"i partially disagree with this , because , although i do not advocate racism in any way , it's interesting the way kaye presents derek -- he is a loud , obnoxious man , but he's also very smart .",pos
0,cv006,15448,15,the reasons for why he becomes a skinhead are believable -- his father was arbitrarily killed by a group of black men .,pos
0,cv006,15448,16,"it's clear that he's passionate about his beliefs , and that he's not just a punk looking for an excuse to beat people up .",pos
0,cv006,15448,17,I believe you I always said that the actor actor actor is amazing in every movie he has played,pos
0,cv006,15448,18,it's astonishing how frightening the actor actor norton looks with a shaved head and a swastika on his chest.,pos
0,cv006,15448,19,"in addition to getting the look just right , he's perfect for this role -- derek requires intelligence , depth , and a whole lot of shouting , and norton does it all with ease .",pos
0,cv006,15448,20,"even when he's at his meanest , derek has a likable quality to him , and that's a gutsy approach when telling a story about a skinhead .",pos
0,cv006,15448,21,what adds depth to the story is a subplot in which the principal of danny's school ( avery brooks ) becomes obsessed with purging the hatred from danny .,pos
0,cv006,15448,22,"the other performances are all terrific , with standouts from furlong , d'angelo , and lien .",pos
0,cv006,15448,23,"visually , the film is very powerful .",pos
0,cv006,15448,24,"kaye indulges in a lot of interesting artistic choices , and most of them work nicely -- lots of slow-motion and strange camera angles add to a moody atmosphere .",pos
0,cv006,15448,25,"but , like a lot of movies lately , american history x skims past greatness in the last few minutes .",pos
0,cv006,15448,26,"although the climactic scene is very moving , the picture ends with a pretentious , preachy resolution featuring a brief narration from a character who was killed .",pos
0,cv006,15448,27,"for a movie so smart a subtle up until that point , it felt like a slap in the face to be hand-fed a theme in such a simplistic way .",pos
0,cv006,15448,28,"it makes me wonder what , exactly , tony kaye disliked about the final version of his film .",pos
0,cv006,15448,29,perhaps this last scene was the problem .,pos
0,cv006,15448,30,"it's hard to imagine any director not being at least partially pleased with a film this good -- in a time when so many movies are timid and weak , american history x manages to make a compelling argument for racism without advocating it any way .",pos
0,cv007,4968,0,one of my colleagues was surprised when i told her i was willing to see betsy's wedding .,pos
0,cv007,4968,1,and she was shocked to hear that i actually liked it .,pos
0,cv007,4968,2,"her reaction was understandable when you consider that the film revolves around molly ringwald , who hasn't made a worthwhile film since 1986 .",pos
0,cv007,4968,3,"but the fact is , betsy's wedding is also an alan alda film .",pos
0,cv007,4968,4,"and while ringwald has been making duds for the last four years , alda has been involved with several noteworthy projects , including crimes and misdemeanors and a new life .",pos
0,cv007,4968,5,"written and directed by alda , betsy's wedding is a vibrant slice-of-life , mixing a few dramatic moments into a big bowl of whimsical humor .",pos
0,cv007,4968,6,alda's comic elixir is smooth and refreshing--and a welcome change of pace from the usual summer fare .,pos
0,cv007,4968,7,"as bride and groom , molly ringwald and dylan walsh are the pivotal characters in the film , but they are by far the least interesting .",pos
0,cv007,4968,8,"walsh is a nonentity , with all the screen presence of a door knob .",pos
0,cv007,4968,9,ringwald is simply unbearable and is easily the weakest link in the chain .,pos
0,cv007,4968,10,"she looks hideous with her short-cropped orange hair , red lip-stick and grotesque outfits .",pos
0,cv007,4968,11,"she's supposed to be a dress designer , but she looks more like a clown .",pos
0,cv007,4968,12,"and to make matters worse , ringwald's performance matches her appearance .",pos
0,cv007,4968,13,"thankfully , alda keeps ringwald's screen time to a minimum ; he is far more interested in the colorful periphery characters .",pos
0,cv007,4968,14,"the wedding is just a device to bring together the bride's working-class , italian family and the groom's rich , gentile family .",pos
0,cv007,4968,15,"ringwald's folks are homey and down-to-earth , with alda as her free-spirited father , madeline kahn as her practical mother , and ally sheedy as her lonely sister .",pos
0,cv007,4968,16,"walsh's clan , on the other hand , is prim , proper and ostentatious .",pos
0,cv007,4968,17,"when the two families meet and mingle , the movie becomes a story of culture clash , or as one character puts it , "" money versus values . """,pos
0,cv007,4968,18,"ally sheedy , in a wonderfully understated performance , is one of the film's most pleasant surprises .",pos
0,cv007,4968,19,sheedy expresses more with just her eyes than ringwald does with her entire body .,pos
0,cv007,4968,20,"it's anthony lapaglia , however , who seizes the spotlight .",pos
0,cv007,4968,21,"lapaglia plays stevie dee , a suave , overly polite mafioso who is formally courting sheedy with old-fashioned chivalry .",pos
0,cv007,4968,22,lapaglia's sincere but dim-witted character is a riot .,pos
0,cv007,4968,23,"and what's uncanny is that lapaglia is a dead ringer for robert de niro , with a little bit of alec baldwin thrown in for good measure .",pos
0,cv007,4968,24,"lapaglia seems to have attended the de niro school of gangster acting , and his inspired performance is partly a tribute to his role-model and partly a rip-off .",pos
0,cv007,4968,25,"i don't know whether to say a star is born or a star is re-born , but i do know that lapaglia's over-the-top performance should not be missed .",pos
0,cv007,4968,26,"the scrumptious comic acting , however , extends well beyond sheedy and lapaglia .",pos
0,cv007,4968,27,"joe pesci , in particular , sinks his teeth into his role as alda's unscrupulous brother-in-law , a slum lord with mob ties , who is cheating on his wife ( catherine o'hara ) .",pos
0,cv007,4968,28,"alda , faced with challenge of both directing and acting , somehow finds just the right comic touch as the bride's financially-strapped father , a carpenter whose dreams are bigger than his wallet .",pos
0,cv007,4968,29,"the film adopts alda's psychological point of view as he tries to one : plan the wedding , and two : pay for it .",pos
0,cv007,4968,30,"as a filmmaker , alda's style of humor is remarkably restrained and tasteful .",pos
0,cv007,4968,31,"and while he doesn't have the comic genius of a woody allen , alda does possess the inspiration to make movies which are ten times more entertaining than the slop which usually passes for comedy .",pos
0,cv008,29435,0,"after bloody clashes and independence won , lumumba refused to pander to the belgians , who continued a condescending and paternalistic relationship with the congo .",pos
0,cv008,29435,1,"their officers , particularly general janssens ( rudi delhem ) in the force publique , the congo's army , caused rebellions , undermining lumumba , who was outraged at the rape and murder of belgian nationals .",pos
0,cv008,29435,2,"with unrest building , moise tshombe ( pascal nzonzi ) and the province of katanga , which contained 70 percent of the country's resources , proclaimed secession .",pos
0,cv008,29435,3,"lumumba replaced janssens , making mobutu a colonel , and went on a pacification",pos
0,cv008,29435,4,"tour with congolese president joseph kasa vubu ( maka kotto ) , but it was too late .",pos
0,cv008,29435,5,"'when you want to drown a dog , you say it has rabies , ' prophesies lumumba of his own fate .",pos
0,cv008,29435,6,"peck and bonitzer do an exemplary job telling a complicated tale with a myriad of players , although they frequently succumb to cliche , particularly regarding lumumba's private life .",pos
0,cv008,29435,7,"peck's script illuminates bantu sayings like 'the hand that gives , rules' when lumumba uses it with the american ambassador .",pos
0,cv008,29435,8,"peck's direction is less assured , with many scenes unfortunately playing like standard television fare .",pos
0,cv008,29435,9,"he's served well , though , by his casting of ebouaney in the title role .",pos
0,cv008,29435,10,"ebouaney is dynamic , radiating his character's fierce passion for his people and his country .",pos
0,cv008,29435,11,"lumumba's intelligence and ability to strategize , even as he's cornered by insurmountable odds , are given life by ebouaney .",pos
0,cv008,29435,12,peck's subject and lead actor elevate his film above its mediocre production .,pos
0,cv008,29435,13,""" lumumba "" is a story that deserves to be told and ebouaney's performance makes the tragedy personally felt .",pos
0,cv009,29592,0,the american action film has been slowly drowning to death in a sea of asian wire-fu copycats .,pos
0,cv009,29592,1,"it's not a pretty death , and it's leaving the likes of schwartznager , stallone , and van damme wearing cement galoshes at the bottom of a kung fu sea .",pos
0,cv009,29592,2,"sometimes , the mix results in a mind-blowing spectacle unlike any other .",pos
0,cv009,29592,3,"quality action with amazing and exciting stunt work , as in 1999's the matrix , can be a real gem .",pos
0,cv009,29592,4,"but too often hollywood gets it wrong , even when they pay off chinese directors .",pos
0,cv009,29592,5,flying ninjas and floating karate masters have been replaced by soaring bronx detectives and slow motion kicking scientists .,pos
0,cv009,29592,6,mostly it's laughable .,pos
0,cv009,29592,7,"in hollywood's rush to emulate the success of the matrix , trademark asian stunt choreography has become more of a joke than an art form .",pos
0,cv009,29592,8,"but iron monkey , the latest asian import , shows us how to get it right .",pos
0,cv009,29592,9,"iron monkey ( actually a reissue of a 1993 film ) is the story of a 19th chinese vigilante ( rongguang yu ) , fighting with his own unique style of shaolin kung fu for the rights of the oppressed and the bellies of the hungry .",pos
0,cv009,29592,10,"but it is also a piece of the narrative of legendary chinese film hero wong fei-hong , most recently seen in one of the most overlooked , and possibly best films of 2000 , drunken master 2 ( released in the u . s . as the legend of drunken master ) .",pos
0,cv009,29592,11,"unlike drunken master 2 , which stars jackie chan as an adult fei-hong , iron monkey finds a much younger fei-hong ( sze-man tsang ) and his father wong kei-ying ( yen chi dan ) thrust into the middle of iron monkey's fight against oppression .",pos
0,cv009,29592,12,"iron monkey succeeds as no kung fu film since drunken master 2 . at times , fighting styles , especially that of monkey himself , do devolve into the ridiculous twinkle-toed floating of films like crouching tiger , hidden dragon , director yuen wo ping eventually remembers to bring his action scenes back to earth .",pos
0,cv009,29592,13,"iron monkey is at its heart a hardcore , kung fu action film rather than any kind of drama a la crouching tiger .",pos
0,cv009,29592,14,"however , there are brief moments of profoundness shared between characters , such as those that pass between our outlaw hero and his good-hearted but misguided enemy , chief fox .",pos
0,cv009,29592,15,"in those moments , and in others , iron monkey manages to transcend its mindless kung fu nature to touch the hearts and minds of its audience .",pos
0,cv009,29592,16,"while in no way the equal of a masterpiece like drunken master 2 , iron monkey dances quite nicely to the invading kung fu tune .",pos
0,cv009,29592,17,aka siunin wong fei-hung tsi titmalau .,pos
0,cv010,29198,0,"after watching "" rat race "" last week , i noticed my cheeks were sore and realized that , when not laughing aloud , i had held a grin for virtually all of the film's 112 minutes .",pos
0,cv010,29198,1,"saturday night , i attended another sneak preview for the movie and damned if i didn't enjoy it as much the second time as the first .",pos
0,cv010,29198,2,""" rat race "" is a great goofy delight , a dandy mix of energetic performances , inspired sight gags and flat-out silliness .",pos
0,cv010,29198,3,"hands down , this is the most fun film of the summer .",pos
0,cv010,29198,4,"the movie begins with zippy retro-style opening credits that look like they were torn straight out of a '60s slapstick comedy , featuring animated photos of the cast attached to herky-jerky bodies bounding around the screen .",pos
0,cv010,29198,5,then comes the setup .,pos
0,cv010,29198,6,"donald sinclair ( john cleese ) , the extremely rich owner of the venetian hotel and casino in las vegas , enjoys concocting unusual bets for his high rolling clients .",pos
0,cv010,29198,7,"to that end , he places a half dozen very special tokens in his slot machines .",pos
0,cv010,29198,8,"gathering together the lucky token holders , he explains , "" today you have a chance to play a game where the odds of winning are one in six . """,pos
0,cv010,29198,9,"the competition is simple : each contestant gets a key that opens a locker in silver city , n . m . , containing $2 million in cash .",pos
0,cv010,29198,10,"there is a transmitter in every key , so that sinclair and his cronies can keep track of who is ahead .",pos
0,cv010,29198,11,the race has no rules ? whichever contestant reaches the locker first gets the money .,pos
0,cv010,29198,12,"since it would be wrong to spoil any of the jokes , let's use the next few paragraphs to profile the racers .",pos
0,cv010,29198,13,"decked out in flashy , trashy clothing and sporting big hair , vera baker ( whoopi goldberg ) is in town to reunite with the daughter she gave up for adoption as a baby .",pos
0,cv010,29198,14,"she finds that grown-up merrill ( lanai chapman ) is erudite , conservative and more than a little bit wary of this stranger trying to jump into her life .",pos
0,cv010,29198,15,"thrown together , it becomes clear that both women share a fierce competitive nature .",pos
0,cv010,29198,16,owen templeton ( cuba gooding jr . ) is currently the most hated man in america .,pos
0,cv010,29198,17,"an nfl referee , he cost gamblers all over the country enormous amounts of money by blowing a call in a high-profile game .",pos
0,cv010,29198,18,"after escaping from a vengeful cab driver , owen gets to new mexico by masquerading as the driver for a busload of lucy ricardo impersonators heading to a convention .",pos
0,cv010,29198,19,"mr . pollini ( rowan atkinson ) is a cheerful , odd little italian man on holiday in america .",pos
0,cv010,29198,20,he also is narcoleptic and falls asleep at the most inopportune times .,pos
0,cv010,29198,21,"pollini hitches a ride with zack ( wayne knight ) , a hyper-tense ambulance driver carrying a human heart across country for a transplant operation .",pos
0,cv010,29198,22,randy pear ( jon lovitz ) promised his wife beverly ( kathy najimy ) and two kids a fun-filled vacation in las vegas .,pos
0,cv010,29198,23,"fearful that beverly will be angry over his involvement in the race , he claims that he must travel to silver city for a job interview .",pos
0,cv010,29198,24,"beverly insists the family stay together , so they hop in the mini-van and tear off into the desert .",pos
0,cv010,29198,25,"brothers duane ( seth green ) and blaine ( vince vieluf ) cody are young , crooked and stupid .",pos
0,cv010,29198,26,"blaine has a speech impediment due to his poorly self-done tongue piercing , and duane is the only person who can come close to understanding him .",pos
0,cv010,29198,27,the boys will stop at nothing to reach their goal .,pos
0,cv010,29198,28,"finally , nick shaffer ( breckin meyer ) is a no-nonsense lawyer-in-training who recruits helicopter pilot tracy faucet ( amy smart ) for the journey .",pos
0,cv010,29198,29,"at first glance , they seem blandly wholesome , but all that changes when tracy buzzes the home of her boyfriend shawn ( dean cain ) and spies him swimming with another woman .",pos
0,cv010,29198,30,"director jerry zucker ( "" airplane , "" "" ghost "" ) leaps from racer to racer , periodically returning to las vegas where sinclair and mr . grisham ( dave thomas ) , his personality-impaired right hand man , continue cooking up bizarre bets for the gamblers .",pos
0,cv010,29198,31,"as with any zucker production , a few jokes fall flat , but the momentum of the comedy zooms past those missteps .",pos
0,cv010,29198,32,"high points for me include a bit involving kathy bates as a roadside squirrel salesperson and an intricately set up gag that carries jon lovitz and family from a bizarre museum to an outdoor rally , with an utterly tasteless and screamingly funny pay-off .",pos
0,cv010,29198,33,"had i been part of the filmmaking team , i would have ditched a joke where a key is dropped into a baby's clothes and instead had the key get lost in the cleavage of a dozing society matron .",pos
0,cv010,29198,34,it would have drawn the same laugh without the squirm-inducing hint of child molestation .,pos
0,cv010,29198,35,i also would have selected a different band for a concert sequence .,pos
0,cv010,29198,36,"my god , do we really need yet another movie with smash mouth performing "" all star ? """,pos
0,cv010,29198,37,but enough carping .,pos
0,cv010,29198,38,""" rat race "" is a riot , with terrific no-holds-barred performances from the diverse cast .",pos
0,cv010,29198,39,"see it , see it again and when the dvd comes out , buy it , because a movie this hilarious will surely have outtakes to die for .",pos
0,cv011,12166,0,i've noticed something lately that i've never thought of before .,pos
0,cv011,12166,1,pseudo- substance - hollywood faking deep meanings in their films .,pos
0,cv011,12166,2,"have you ever seen a movie that you really enjoyed , then when you look back , you realize there was something missing ?",pos
0,cv011,12166,3,"more and more , filmmakers seem to be putting out well rehearsed , melodramatic films that evoke strong connotations of being a great film , but if you step aside and reflect on your movie going experience , you may just discover nothing more than elegantly presented fluff .",pos
0,cv011,12166,4,i'm not trying to say city of angels is that bad .,pos
0,cv011,12166,5,"it had a lot going for it , but somewhere along the way , it faltered .",pos
0,cv011,12166,6,"somehow , underneath the seemingly poetic beauty of it all , there was a gigantic hole somebody covered with iridescent performances and glossy cinematography .",pos
0,cv011,12166,7,the predictable ending that shattered our hopes ( even though we saw it coming ) only added to the disappointment .,pos
0,cv011,12166,8,"but for over an hour , city of angels is well worth the time .",pos
0,cv011,12166,9,"nicolas cage is seth , a guardian angel who , like hundreds ( likely thousands or even millions ) of other angels , spends eternity watching over the citizens of mortality ; humans never aware of how much celestial intervention occurs in their life .",pos
0,cv011,12166,10,"meg ryan , in her most subdued performance yet , plays maggie , a doctor who begins to ponder exactly who it is we're fighting against when we fight to keep someone alive .",pos
0,cv011,12166,11,"after losing a patient on the surgery table , these questions envelope maggie , and seth , the angel who was there to oversee the patient's transition into the afterlife , is immediately captivated by the doctor .",pos
0,cv011,12166,12,"he begins following and observing maggie , falling more and more in love with her everyday .",pos
0,cv011,12166,13,"angels , who we quickly learn are not and never were humans , can not experience human sensations such as taste and touch , but they do have the ability to make themselves seen to anyone they desire .",pos
0,cv011,12166,14,"seth's adoration is too much to resist , and eventually he does appear to maggie , quite regularly , although such a thing seems taboo among the angelic community .",pos
0,cv011,12166,15,"the angels are interestingly presented , all of them dressed in black and more reminiscent of hitmen than traditional glowing white entities , but it's a nice touch that never seems like a mere attempt at uniqueness .",pos
0,cv011,12166,16,"cage is a wonderfully versatile actor ( think face/off , raising arizona , and it could happen to you - what a combo ! ) who slips into the role of a heavenly agent quite nicely but threatens sappiness more than once .",pos
0,cv011,12166,17,it's nice to see ryan pick up roles like this and the one in courage under fire .,pos
0,cv011,12166,18,"the two aren't very comparable to each other , but they both deviate from her usual "" intelligently ditzy "" romantic comedy roles , and it's an impressive side of ryan movie goers rarely have the chance to enjoy .",pos
0,cv011,12166,19,"but even though the two leads do an impressive job , it is dennis franz who grabs us with his interpretation of a hospital patient who knows more than meets the eye .",pos
0,cv011,12166,20,"it's a shame that with so much going for it , city of angels falters so much in its final stages , leaving us with the realization that an emotionally incredible movie was out there , they just didn't know quite how to get to it .",pos
0,cv011,12166,21,they struggle for an impacting conclusion and wind up with painful thud rather than an exhilarating high .,pos
0,cv011,12166,22,"filmmakers should know your final impression will be the one you linger on , remember , and convey to others thru word of mouth , so after telling us for 60+ minutes that this film is a glorious masterpiece , they sure leave us with a disheartening taste of mediocrity in our mouths .",pos
0,cv011,12166,23,"based on the german film wings of desire ( that being the english title , of course ) , city of angels is ninety percent success , enough to make most people forgive its shortcomings , even the devastatingly disappointing ending .",pos
0,cv011,12166,24,"most movie goers , the non-cynics anyway , will be too wrapped up in the surreal atmosphere to give criticism to that which needs to be criticized .",pos
0,cv011,12166,25,"nonetheless , city of angels is beautifully captivating , which is probably enough to satisfy those poetic viewers who will appreciate a delve into rich emotional territories .",pos
0,cv012,29576,0,synopsis : bobby garfield ( yelchin ) lives in a small town with his mirthless widowed mother ( hope davis ) .,pos
0,cv012,29576,1,"bobby's world revolves around his friends , especially the spritely carol ( boorem ) .",pos
0,cv012,29576,2,"then one day , a new boarder arrives at bobby's house .",pos
0,cv012,29576,3,ted brautigan ( hopkins ) is an enigmatic man to whom bobby takes an immediate liking .,pos
0,cv012,29576,4,"as the bond between bobby and ted deepens , bobby becomes privy to ted's great secret , an event which will change both of their lives forever .",pos
0,cv012,29576,5,"review : a small but enchanting movie , "" hearts in atlantis "" easily recalls another king-inspired coming-of-age film , "" stand by me "" , both in terms of its setting and the sentiment it conveys .",pos
0,cv012,29576,6,""" hearts "" is a tribute to the magic of childhood , to those summers when the days seem neverending , and nothing means more than your closest friends .",pos
0,cv012,29576,7,"unlike "" stand by me "" , there is a supernatural element to "" hearts "" , but although it is key to the plot , it is not prominent .",pos
0,cv012,29576,8,"like "" stand by me "" , this is a mostly character-driven film , and as such it benefits greatly from superb casting .",pos
0,cv012,29576,9,"yelchin is very good as bobby , finding a good mix of innocence and resignation .",pos
0,cv012,29576,10,"more splendid still is boorem , whom i praised highly for her work in "" along came a spider "" and who is simply radiant here as carol .",pos
0,cv012,29576,11,"and then there is hopkins , who despite playing such a quiet , introspective character as ted , nonetheless commands our attention every time he is onscreen .",pos
0,cv012,29576,12,"less successful is davis , whose strident elizabeth comes across as overly cartoonish .",pos
0,cv012,29576,13,"i also found it odd that bobby and carol's other friend , sully ( whose death as an adult sets up the movie's flashback framing device ) , is paid virtually no attention .",pos
0,cv012,29576,14,"but hicks' direction is lovely without being cloying , and despite the movie's general lack of incident , it never ceases to weave its spell over the audience .",pos
0,cv013,10159,0,"synopsis : in this movie , steven spielberg , one of today's finest directors , attempts to spice up the 1800s story of a long courtroom battle over the fate of prisoner cinque ( djimon hounsou ) - - a young angry man from sierra leone who was kidnapped into slavery - - and his fellow prisoners .",pos
0,cv013,10159,1,"cinque and friends have landed a ship on the shores of america after escaping spanish slave traders , but since the americans don't speak cinque's language , the black men are hauled into court to determine whether or not they are legally slaves .",pos
0,cv013,10159,2,"technically , since the international slave trade was outlawed at that time , people like cinque couldn't be kidnapped into slavery ; one had to be born a slave to be legally considered a slave .",pos
0,cv013,10159,3,"lawyers baldwin and adams ( matthew mcconaughey and anthony hopkins ) must prove cinque and the others were captured into slavery , rather than born slaves , in order to get them out of prison as free men .",pos
0,cv013,10159,4,"three lengthy court cases are portrayed with spielberg's trademark panache - - flashy beginning , lots of facial close-ups , big music , and dramatic imagery .",pos
0,cv013,10159,5,a final speech by adams is followed by an anticlimax where subtitles show what eventually happened to the various characters .,pos
0,cv013,10159,6,opinion : making a fictional movie is easier than making one about real life .,pos
0,cv013,10159,7,"in fiction , one invents purposeful , clear-cut good guys and bad guys , puts the fictional characters in conflict , and takes the tale to its exciting conclusion .",pos
0,cv013,10159,8,"real life , however , consists of long stretches of boredom with a few dramatic moments and characters who stand around , think thoughts and do nothing , or come and go before events are resolved .",pos
0,cv013,10159,9,spielberg gives us a visually spicy and historically accurate real life story .,pos
0,cv013,10159,10,djimon hounsou and anthony hopkins turn in excellent performances .,pos
0,cv014,13924,0,the police negotiator is the person with the entirely unenviable job of going into ground zero and attempting to talk a dangerous criminal out of doing whatever he or she intends to do .,pos
0,cv014,13924,1,"lives are often at stake , and the criminal is usually armed and most likely mentally unstable , prone to turn on the negotiator at a moment's notice .",pos
0,cv014,13924,2,"the negotiator must therefore be something of an actor , psychologist , and sham artist , in addition to being a police officer ; he must be able to think on his feet and either work toward the goal of ending the confrontation without violence , or failing that , must be prepared to facilitate the conclusion of the crisis through firepower .",pos
0,cv014,13924,3,"most of all , the negotiator must be able to enter a situation with as little intelligence about the scenario as possible , and quickly gain control of the situation , dominate the conversation , and influence the perpetrator into thinking that the end of the conflict is what he really wants .",pos
0,cv014,13924,4,it takes a pretty smart person to do that .,pos
0,cv014,13924,5,but what if the hostage-holding criminal is just as smart ?,pos
0,cv014,13924,6,what if he's also able to think on his feet ?,pos
0,cv014,13924,7,"in fact , what if he also knows all the tricks to turning the situation to his favor ?",pos
0,cv014,13924,8,it is this circumstance which forms the basis for f . gary gray's the negotiator .,pos
0,cv014,13924,9,"in this film , police negotiator danny roman ( samuel l . jackson ) is tipped off by his partner to corruption within the chicago police force .",pos
0,cv014,13924,10,"when his partner turns up shot to death and internal affairs finds incriminating evidence in roman's home , roman becomes the prime suspect of both embezzling from the police disability fund and murder .",pos
0,cv014,13924,11,"faced with the scorn of most of the police department , and under close scrutiny by the media , roman is forced to turn in his badge in one of those typical scenes in the captain's office .",pos
0,cv014,13924,12,"i don't quite remember if the captain actually said , "" i hate to do this , but . . . "" ,",pos
0,cv014,13924,13,although it wouldn't surprise me if he did .,pos
0,cv014,13924,14,"luckily , the film soon shakes off the conventionalism and concentrates on the interesting premise mentioned above .",pos
0,cv014,13924,15,"after being offered a take-it-or-leave-it deal by the district attorney , roman resolves to prove his innocence by walking into the office of internal affairs inspector niebaum ( j . t .",pos
0,cv014,13924,16,"walsh ) , taking him and others hostage , and proclaiming he has been framed .",pos
0,cv014,13924,17,"although roman's actions seem forced due to the compressed nature of his motivational build-up , gray redeems himself by involving us with the negotiations between roman and fellow police negotiator chris sabian ( kevin spacey ) which soon ensue .",pos
0,cv014,13924,18,"jackson , while a superb actor , is miscast in the role of roman .",pos
0,cv014,13924,19,"the actor has become so popular , and so often identified as a protagonist ( notable exceptions can be found , such as in jackie brown ) , that we as an audience have a difficult time believing he will carry out his threats .",pos
0,cv014,13924,20,the script also clearly sets him up as the good guy who is only trying to prove his innocence .,pos
0,cv014,13924,21,"how can we believe he's going to shoot a hostage , no matter if the hostage tried to kill him earlier ?",pos
0,cv014,13924,22,"unfortunately , this preconception saps the film of some of it's would-be suspenseful moments , and anything good left in those scenes is largely attributed to jackson's acting ability .",pos
0,cv014,13924,23,"almost every time he's in a scene , jackson steals it without looking back .",pos
0,cv014,13924,24,"when spacey appears , the film has already run about a third of its course .",pos
0,cv014,13924,25,his is an interesting character .,pos
0,cv014,13924,26,"made out to be some kind of negotiating superman , our first look at him has him hopelessly trying to get his family moving to set out on vacation .",pos
0,cv014,13924,27,""" i can talk a man out of blowing up the sears tower , but i can't talk my wife out of the bedroom or my daughter off the phone , "" he says .",pos
0,cv014,13924,28,"when he gets the call to action , however , he quickly changes gears and becomes the man we expect him to be .",pos
0,cv014,13924,29,"soon , his character has to negotiate not only with roman , but also with the swat commander ( david morse ) who is itching to send in a team to take roman out , all the while keeping wary of the fbi agents who are waiting to take over the operation , should negotiations fail .",pos
0,cv014,13924,30,this complex set of pressures are reflected well in sabian the negotiator and spacey the actor .,pos
0,cv014,13924,31,"as the second protagonist , spacey measures up nicely .",pos
0,cv014,13924,32,gray really lucked out with this cast .,pos
0,cv014,13924,33,"david morse as commander beck , ron rifkin as commander frost , and john spencer as police chief al travis are all more than competent , and can hold their own in scenes with jackson and spacey .",pos
0,cv014,13924,34,"the only problem is the bit of typecasting that results from these choices : morse played a similar role in the rock , rifkin played the d . a .",pos
0,cv014,13924,35,"in l . a . confidential , and spencer played a police detective in cop land .",pos
0,cv014,13924,36,"with the level of acting , however , this can be forgiven .",pos
0,cv014,13924,37,"also in the supporting cast , paul giamatti as rudy , one of the hostages , is notable for the comic relief he provides .",pos
0,cv014,13924,38,"his character is initially so slimy , and giamatti himself just looks so shifty , that you expect to laugh before he even says anything .",pos
0,cv014,13924,39,"fortunately , this doesn't distract from the seriousness of the rest of the film , but instead provides some nice breathers from the level of tension which gray manages to sustain throughout .",pos
0,cv014,13924,40,"j . t . walsh , as the suspicious internal affairs inspector , clocks in with one of his final performances .",pos
0,cv014,13924,41,"sadly , the talented but underrated actor passed away in late february of this year , and the soon to be released pleasantville will mark his last film .",pos
0,cv014,13924,42,"walsh appeared in dozens of movies such as good morning vietnam , backdraft , and nixon .",pos
0,cv014,13924,43,"for one of his best performances , check out sling blade , in which he plays a mental patient sharing a ward with billy bob thornton .",pos
0,cv014,13924,44,"when jack nicholson accepted his best actor oscar in march , walsh was one of the men to whom he credited his success ( the actors performed together in a few good men ) .",pos
0,cv014,13924,45,"the negotiator is actually dedicated to walsh , and while inspector niebaum may not have been his best role , it certainly characterizes the type of character for which walsh had become most famous for playing .",pos
0,cv014,13924,46,"in the end , the negotiator has a plotline that parallels it's reality .",pos
0,cv014,13924,47,we're served with the premise that two equally deft negotiators are battling each other to resolve the conflict in the manner which will suit each of them best .,pos
0,cv014,13924,48,"as an audience , we're also given a situation where two wonderfully talented actors are thrown into a movie , and we'd like to see if one will dominate the film .",pos
0,cv014,13924,49,both provide some pretty good entertainment .,pos
0,cv015,29439,0,"plot : a young man who loves heavy metal music and especially the band steel dragon , to whom he's devoted a tribute band in which he sings , gets launched into stardom when the real group get rid of their lead singer and call on him to take his place .",pos
0,cv015,29439,1,critique : i'm a sucker for movies like this .,pos
0,cv015,29439,2,"a young man with a humble background and lofty dreams , works hard , devotes the time , the energy and the patience , and ultimately hits it big-time .",pos
0,cv015,29439,3,"in the case of this film , our boy loves a certain heavy metal band and as luck would have it ( yup , luck always finds its way into these types of equations , although generally tied very closely to hard work ) , they need a new singer .",pos
0,cv015,29439,4,"his entry and adaptation to the whole "" rock 'n roll "" lifestyle fills the rest of the film and is really fun to watch .",pos
0,cv015,29439,5,although i will preface this by saying that one thing that would definitely enhance your appreciation for this film is your own love ( or past love ) of heavy metal music and the whole scene around it .,pos
0,cv015,29439,6,"metal was one of my first loves as a teen and even though the genre of music isn't that prominent anymore , i still check out my motley crue , twisted sister and anthrax cds every now and again .",pos
0,cv015,29439,7,"that's not to say that you won't like this film if you don't like the music , but the music and live performances from the band , play a big part in the movie , and i for one , had a blast watching and listening to it all .",pos
0,cv015,29439,8,but the even greater draw in this film is the standout performance given here by mark wahlberg .,pos
0,cv015,29439,9,"wow , hand this fella some major props , as he totally becomes this heavy metal geek/god ( incidentally , metal god was the film's original title , and a much better one if you ask me ) .",pos
0,cv015,29439,10,he is this movie and i was quite taken by his character pretty much the whole way through .,pos
0,cv015,29439,11,"he came off like a regular guy with extremely passionate goals and work ethic , who was willing to do anything in order to fulfill his dreams .",pos
0,cv015,29439,12,"aniston was also surprisingly good as the girlfriend ( and the romance angle between them was sweet ) , but she didn't pull me in hard enough during their emotional scenes .",pos
0,cv015,29439,13,"i was also impressed by some of the "" real "" musicians who played in the film ( zakk wylde from ozzy osbourne , jeff pilson from dokken , stephan jenkins from third eye blind , blas elias from slaughter ) , but actor dominic west as kirk cuddy made the biggest impression among the band members .",pos
0,cv015,29439,14,"it's to note that this film was based on a real-life tale of a young man who used to sing in a judas priest cover band and then went on to become their actual singer ( their original singer also admitted to being gay , as in this film ) .",pos
0,cv015,29439,15,"just for the record , i'm certainly not recommending this film for its originality or surprise elements , since most of this stuff has already been covered in some way or another in other movies , but because it's a fun , uplifting , well-paced movie with a solid central showing by wahlberg and energetic live performances .",pos
0,cv015,29439,16,"oh yeah , and for those who dig the "" heavier "" side of music , the soundtrack also rocks ! !",pos
0,cv015,29439,17,you see . . . dreams,pos
0,cv015,29439,18,can come true . . .,pos
0,cv015,29439,19,where's joblo coming from ?,pos
0,cv015,29439,20,almost famous ( 8/10 ) - blow ( 8/10 ) - boogie nights ( 9/10 ) - detroit rock city ( 8/10 ) - girlfight ( 6/10 ) - goodfellas ( 10/10 ),pos
0,cv016,4659,0,carry on matron is the last great carry-on film in my opinion .,pos
0,cv016,4659,1,"made in 1972 , it still features most of the regulars of this genre .",pos
0,cv016,4659,2,"sid james plays the head of a gang of crooks intent on stealing contraceptive pills from the local maternity hospital and selling them off to make a profit , kenneth williams is sir bernard cutting , head of the hospital but also a hypochondriac , hattie jacques re-takes her role as matron , and charles hawtrey is the psychiatrist dr . goode .",pos
0,cv016,4659,3,"the jokes come in fast and so do the laughs , with humorous antics between the matron and sir bernard .",pos
0,cv016,4659,4,"this time , williams is after matron ( jacques ) when he needs to prove himself that he is a man after visiting dr . goode .",pos
0,cv016,4659,5,"the doctor ( hawtrey ) is sworn to secrecy : - "" i assure you , that anything you say to me today will go in one ear and straight out of the other ! """,pos
0,cv016,4659,6,bernard thinks he is having a sex change and needs to prove himself .,pos
0,cv016,4659,7,"there are great cameos from joan sims , an expectant mother who is many weeks overdue and is eating constantly in every scene , and from kenneth connor as the expectant father who still thinks he's at work ( at the railway station ) .",pos
0,cv016,4659,8,sid james' gang including cyril his son ( kenneth cope ) try to find out where the pills are by getting cyril to dress up as a nurse and live in at the nurses home .,pos
0,cv016,4659,9,he has to share a room with nurse ball ( barbara windsor ) and she soon sees through him !,pos
0,cv016,4659,10,the film ends with the attempted robbery of the hospital's pills with panic ensuing .,pos
0,cv016,4659,11,"there are good performances by hattie jacques as the matron , however her character seems a little more subdued and quieter than her previous 'matron's' .",pos
0,cv016,4659,12,"williams is , as usual , on top form , but sid james isn't given a very good part in this movie and i would forgive anyone to forget that he was in the movie at all .",pos
0,cv016,4659,13,"the same does not go for charles hawtrey , for although he only first appears in the movie after 30 minutes gone and has scarce screen time , he seems to steal every scene he is in .",pos
0,cv016,4659,14,"by not making use of sid james and barbara windsor's talent to full effect , the film seems to flounder , but it certainly makes up for it with it's good storyline and it's other appealing characters .",pos
0,cv016,4659,15,this film is genuinely funny and i could watch it again and again and not get bored !,pos
0,cv017,22464,0,"the ultimate match up between good and evil , "" the untouchables "" is an excellent movie because it looks deeper into an already examined rivalry .",pos
0,cv017,22464,1,"based on the 1959 television show of the same title , "" the untouchables "" may be an exaggeration of the real life events that took place , but it fits together perfectly with some beautifully filmed action sequences , some excellent acting , a memorable score , and a clever script .",pos
0,cv017,22464,2,the film takes place in chicago during the prohibition era where mobsters led by the ruthless al capone run an underground market of liquor to the demanding public .,pos
0,cv017,22464,3,elliot ness and a small force of men known as the untouchables attempt the impossible by trying to stop capone and trying to maintain peace and order .,pos
0,cv017,22464,4,"however , as ness soon learns , in order to stabilize peace , you have to bend a few laws .",pos
0,cv017,22464,5,the fact that capone is evil is very apparent from the first few scenes .,pos
0,cv017,22464,6,"the film begins with capone , played perfectly by deniro , declaring that he is not a violent man and he is a firm believer in following all laws .",pos
0,cv017,22464,7,the film then quickly transfers to the next scene in which one of capone's men bombs a restaurant that contains many innocent people including a little girl .,pos
0,cv017,22464,8,"from this point we know capone is evil , not only because he kills without hesitation , but also because he is a lying bastard .",pos
0,cv017,22464,9,"right from the first five minutes of the film , de palma has created a hatred towards capone and he shows that this man must be brought down at all costs .",pos
0,cv017,22464,10,"this developed hatred is before the film's hero , ness , is even introduced .",pos
0,cv017,22464,11,i found this approach to be very clever because in a small duration of time there is a great amount of admiration for ness and an equal amount of hatred for capone .,pos
0,cv017,22464,12,the film only gets better from this point .,pos
0,cv017,22464,13,"with the formation of the untouchables , there is a group of men wearing long , dark overcoats and hats .",pos
0,cv017,22464,14,they walk in unison and they only look forward .,pos
0,cv017,22464,15,as they walk down the streets they are observed and feared by citizens .,pos
0,cv017,22464,16,"holding shot guns and pistols in their hands to stop criminals , this image of vigilantes must have influenced future films .",pos
0,cv017,22464,17,"one that comes to mind is "" the matrix "" when neo , morpheus , trinity , and the rest of the gang first come into the virtual world .",pos
0,cv017,22464,18,"wearing more futuristic outfits of the same 1930's style , the similarities between these two are countless .",pos
0,cv017,22464,19,""" the untouchables "" has some of the hippest , bravest heroes in any action film .",pos
0,cv017,22464,20,the four members were the only ones willing to go against capone's army .,pos
0,cv017,22464,21,each member of this special group also had their own characteristics that separated them from others .,pos
0,cv017,22464,22,"elliot ness , played with perfect ingenuity by kevin costner , is a character that surely grows during the course of the film .",pos
0,cv017,22464,23,he begins as a man who is determined to follow all laws no matter how unfair they may be .,pos
0,cv017,22464,24,"however , as the film develops so does ness .",pos
0,cv017,22464,25,his beliefs involving the law are shattered when he realizes that those he trusted are actually members of the other side .,pos
0,cv017,22464,26,he also begins to lose his stability when his adversaries begin to murder his friends .,pos
0,cv017,22464,27,his anger becomes so thunderous that he can no longer hold it in .,pos
0,cv017,22464,28,"sean connery , who won an academy award for best supporting actor in his role , plays malone , an aging cop who decides to make one final run as a member of the untouchables .",pos
0,cv017,22464,29,malone acts as a mentor to ness .,pos
0,cv017,22464,30,"he teaches him "" the chicago way "" to do things ; when they attack with a knife , you attack with a gun .",pos
0,cv017,22464,31,connery plays his character with the exact amount of wit and experience needed .,pos
0,cv017,22464,32,"andy garcia does a wonderful job as george stone , a young man who is just becoming a police officer .",pos
0,cv017,22464,33,"as ness grows , he begins to teach stone some valuable lessons that malone once taught him .",pos
0,cv017,22464,34,charles martin smith is also fantastic as the final member who attempts to use an income tax offense against capone .,pos
0,cv017,22464,35,smith is perfect for his role as he adds some valuable comic relief to the film .,pos
0,cv017,22464,36,the action scenes are also some of the most beautifully choreographed i have ever seen .,pos
0,cv017,22464,37,"also very similar to "" the matrix , "" they are exciting and intense .",pos
0,cv017,22464,38,">from a western-like battle to the famous confrontation at the train station steps , the scenes are well thought out and well executed .",pos
0,cv017,22464,39,the score during these scenes ingeniously adds to the excitement .,pos
0,cv017,22464,40,its pounding drum beats act as a rhythm for the actors .,pos
0,cv017,22464,41,the combination of image and music is very impressive and also very effective .,pos
0,cv017,22464,42,"although the real life untouchables may have been excessively glorified , this film is pure entertainment and contains a unique blend of great acting , great directing , and great action .",pos
0,cv017,22464,43,"some scenes ( capone and the baseball bat , the train station ) have stuck in my mind for years and seeing them again will only make them more vivid .",pos
0,cv018,20137,0,"having not seen , "" who framed roger rabbit "" in over 10 years , and not remembering much besides that i liked it then , i decided to rent it recently .",pos
0,cv018,20137,1,watching it i was struck by just how brilliant a film it is .,pos
0,cv018,20137,2,"aside from the fact that it's a milestone in animation in movies ( it's the first film to combine real actors and cartoon characters , have them interact , and make it convincingly real ) and a great entertainment it's also quite an effective comedy/mystery .",pos
0,cv018,20137,3,"while the plot may be somewhat familiar the characters are original , especially baby herman , and watching them together is a lot of fun .",pos
0,cv018,20137,4,the story begins in hollywood in 1947 .,pos
0,cv018,20137,5,"cartoon star roger rabbit is blowing takes and having trouble keeping his mind on work , so hard-boiled private detective eddie valiant ( bob hoskins ) is called in by studio head r . k .",pos
0,cv018,20137,6,maroon ( alan tilvern ) to try to help get roger's mind back on work .,pos
0,cv018,20137,7,"maroon thinks that roger's wife , jessica's , possible unfaithfulness to him might be the cause of distraction and tells eddie to get some photos of her in the act before it costs him any more money in reshoots .",pos
0,cv018,20137,8,"valiant takes some photos of jessica playing , `patty cake' with marvin acme ( stubby kaye ) , the owner of toontown ( where all of the cartoon characters live ) and takes them to maroon .",pos
0,cv018,20137,9,"upon seeing them , roger is emotionally destroyed and soon after acme is found dead and roger rabbit is the prime suspect .",pos
0,cv018,20137,10,the rest of the movie follows valiant and roger as they run around town ( and eventually toontown ) trying to clear roger's good name .,pos
0,cv018,20137,11,along the way they meet judge doom ( christopher lloyd ) a judge-jury-and executioner type who's out to get roger and has discovered the one and only way to kill a `toon . ',pos
0,cv018,20137,12,`who framed roger rabbit' won 4 academy awards including a special achievement award for richard williams for animation direction and creation of the cartoon characters ( williams and his teams went through the film frame by frame and hand drew the cartoon characters in ) .,pos
0,cv018,20137,13,"director robert zemekis must be given an equal amount of praise for overseeing the entire production , which included hundreds of animators .",pos
0,cv018,20137,14,also bob hoskins' performance should be credited .,pos
0,cv018,20137,15,"he , in addition to the rest of the human cast , finds the right note to play in all of the scenes with his cartoon co-stars .",pos
0,cv018,20137,16,"according to the internet movie database , hoskins studied his young daughter to learn how to act with imaginary characters and i guess his hard work paid off .",pos
0,cv018,20137,17,`who framed roger rabbit' is a rare film .,pos
0,cv018,20137,18,one that not only presented a great challenge to the filmmakers but one that can be enjoyed by the whole family ( although some very young viewers may be a little scared by judge doom ) .,pos
0,cv018,20137,19,"do yourself a favor and rent it , `p-p-p-p-please . """,pos
0,cv019,14482,0,there's something about ben stiller that makes him a popular choice among casting directors these days .,pos
0,cv019,14482,1,"stiller currently has three projects in circulation , and what other actor can lay claim to that ?",pos
0,cv019,14482,2,"he's in "" there's something about mary , "" which i * still * haven't seen .",pos
0,cv019,14482,3,"and he's in the acerbic "" your friends & neighbors , "" playing a talkative , sexually-frustrated drama coach called jerri .",pos
0,cv019,14482,4,"now there's "" permanent midnight , "" in which stiller plays another jerry , this one a heroin-addicted television writer , last name stahl .",pos
0,cv019,14482,5,there's also something about this industry that pushes bankable stars like stiller into doing drug-addiction pictures the minute they've proved themselves commercially .,pos
0,cv019,14482,6,"ewan mcgregor springs to mind who , after successful turns in "" emma "" and "" brassed off , "" received greater respect and admiration for his mind-blowing realization as renton in danny boyle's transatlantic junk-fest , "" trainspotting . """,pos
0,cv019,14482,7,"the philosophy appears to be a simple one : if you want 'em to be taken seriously , make 'em do drugs .",pos
0,cv019,14482,8,""" permanent midnight "" is based on the true life experiences of jerry stahl , a successful hollywood writer who , in the mid-eighties , had a $5 , 000-a-week job churning out plotlines for disposable tv sitcoms and a $6 , 000-a-week heroin habit .",pos
0,cv019,14482,9,"a habit , in stahl's own words , "" the size of utah . """,pos
0,cv019,14482,10,"as stahl , stiller contributes a commanding performance .",pos
0,cv019,14482,11,"unlike "" trainspotting , "" which was successful in having it both ways by chronicling both the highs and the lows of heroin abuse , "" permanent midnight "" instead focuses on the concept of drug addiction as maintenance .",pos
0,cv019,14482,12,"one of the earliest observations in the film is a casual reference to "" naked lunch "" author william s . burroughs who , when asked why he shoots up first thing in the morning responds , "" so i can shave . """,pos
0,cv019,14482,13,"stahl rarely appears to be puncturing veins for the thrill of it all in "" permanent midnight "" ; it's so he can talk to his mother on the phone , show up for work on time , even pay his bills .",pos
0,cv019,14482,14,"while the film itself occasionally wobbles around along with stahl , the writing ( adapted from stahl's autobiography by director david veloz ) is controlled and pointed .",pos
0,cv019,14482,15,""" permanent midnight "" shows how stahl moved from new york to l . a . to--again in the author's words-- "" escape the drug scene "" ( yeah , right ) ; why he entered into a convenient marriage with a british tv exec ( elizabeth hurley , so impossibly polite you'd swear her single profanity was dubbed ) ; and that he conceived a child in between his random hirings and firings .",pos
0,cv019,14482,16,stahl narrates all this in a motel bedroom to a sympathetic lover called kitty ( norristown's own maria bello ) with whom he spent some rehab time .,pos
0,cv019,14482,17,"janeane garofalo is wasted--and miscast--as a heavily-bespectacled hollywood talent agent who fails to get her hooks into the doped-up wordsmith , and that's stahl himself playing a jaded clinic counselor .",pos
0,cv019,14482,18,"stiller , unshaven ( burroughs take note ) and with lots of mascara around the eyes , has stahl stumble through the film looking like a train wreck but , to his credit , never once pushes his pill-popping , needle-jabbing performance over the top .",pos
0,cv019,14482,19,"the ubiquitous stiller is the reason to see "" permanent midnight "" ; a dark , comic , and strangely absorbing study of assisted living .",pos
0,cv020,8825,0,by phil curtolo mel gibson ( braveheart ) gave a gripping performance as the father of a young kidnapped boy in ron howard's ransom .,pos
0,cv020,8825,1,"gibson plays tom mullen , a wealthy business tycoon whose past actions are coming back to haunt him as a deranged psychopath , played by gary sinise ( forrest gump ) , and his band of low-life thugs kidnap his only son for $2 million .",pos
0,cv020,8825,2,"tom and his wife , kate , played by rene russo ( tin cup ) were instructed not to inform the police , but they contacted the fbi .",pos
0,cv020,8825,3,"minutes later , an elite team of agents led by delroy lindo ( broken arrow ) are in tom's house and wiring every phone .",pos
0,cv020,8825,4,"the plot sounds average , just like most other kidnap movies that you've already seen , and it was nothing more than that .",pos
0,cv020,8825,5,that is until about half-way through the movie .,pos
0,cv020,8825,6,"suddenly , tom goes to the fox 5 news room and makes a live broadcast saying , "" this is your ransom .",pos
0,cv020,8825,7,but this is as close as you will ever get to it .,pos
0,cv020,8825,8,"instead , i am offering this money as a reward on your head , dead or alive . """,pos
0,cv020,8825,9,"at this point , the plot thickened , and the unusually slow start of the film turned into a suspense-filled action film with great stunts .",pos
0,cv020,8825,10,the last half of the film is very well done .,pos
0,cv020,8825,11,"another thing that carries this film are the superb performances by gibson and sinise , as they collide in a game of wits over their cellular phones for most of the movie .",pos
0,cv020,8825,12,"owen gleiberman of entertainment weekly commented on the subject : "" it makes you wonder what kidnappers did before cell phones . """,pos
0,cv020,8825,13,"before this movie , sinise played mostly "" good guys , "" first in of mice & men , then in forrest gump , and most recently , in apollo 13 .",pos
0,cv020,8825,14,but he was surprisingly devilish and cold in his portrayal of a cop-gone-bad .,pos
0,cv020,8825,15,"gibson , of course , was just being gibson , in an oscar-worthy performance .",pos
0,cv020,8825,16,"although most of the scenes were quite predictable , ransom is a very entertaining and suspenseful film .",pos
0,cv020,8825,17,",",pos
0,cv021,15838,0,one can not observe a star trek movie and expect to see serious science fiction .,pos
0,cv021,15838,1,"the purpose of star trek is to provide flashy , innocent fun .",pos
0,cv021,15838,2,sometimes the stories are compelling .,pos
0,cv021,15838,3,sometimes they're not .,pos
0,cv021,15838,4,"but , with the exception of the first film in the series ( which provides little more than endless shots of amazed faces ) , i've never been bored by any of the enterprise's numerous missions .",pos
0,cv021,15838,5,star trek : insurrection is no exception .,pos
0,cv021,15838,6,"the film has gotten some negative reviews ( a friend of mine actually thinks it's the worst in the series ) , but i'm not really sure why .",pos
0,cv021,15838,7,"it's an exciting , often hilarious movie that engaged me and left me ready for the next star trek film .",pos
0,cv021,15838,8,"some say it's a bit too light , and more of a long episode than a film .",pos
0,cv021,15838,9,others say the special effects are cheesy and that it's boring .,pos
0,cv021,15838,10,i simply enjoyed the film .,pos
0,cv021,15838,11,"insurrection , which is the second film to feature strictly the next generation cast , introduces us to a race of people called the ba'ku ; the ba'ku are very old ( most of them are about three hundred years old ) , but they actually appear younger with age due to strange radiation in the rings of their planet .",pos
0,cv021,15838,12,"of course , these peaceful people can't horde this fountain of youth all for themselves ? leave it up to their archenemies , the son'a , led by ru'afo ( f .",pos
0,cv021,15838,13,"murray abraham ) , to mess everything up .",pos
0,cv021,15838,14,"the son'a , who are horribly disfigured and rely on daily reconstructive surgery to be aesthetically acceptable , strike a deal with the federation to move the ba'ku elsewhere and exploit the secret to keep their race from dying .",pos
0,cv021,15838,15,that's when captain picard ( patrick stewart ) steps in : he realizes that moving the ba'ku would kill them ( it also helps that he falls in love with a ba'ku woman ( donna murphy ) ) .,pos
0,cv021,15838,16,"so , with his trusty crew , picard defies the federation to keep the ba'ku in their natural habitat .",pos
0,cv021,15838,17,"when dealing with a series with as much history as this , it's not entirely necessary to re-introduce your characters with each episode .",pos
0,cv021,15838,18,"this is why i believe non-fans have a hard time getting into star trek ; in order to enjoy it , one has to understand how to approach it .",pos
0,cv021,15838,19,"insurrection , however , does a surprisingly good job of us new aspects of the characters .",pos
0,cv021,15838,20,"stewart is bold as always , a magnetic screen presence and perfectly capable of holding an entire film together .",pos
0,cv021,15838,21,"jonathan frakes , who also directed , is funny as commander riker ; a subplot with data ( brent spiner ) discovering his lost childhood is fairly interesting ; and abraham makes a perfect star trek villain , overacting like crazy .",pos
0,cv021,15838,22,"frakes showed similar aptitude for direction in first contact ; insurrection is an exciting film , with some really attractive special effects and a lot of good action .",pos
0,cv021,15838,23,"this is apparently the first star trek film to utilize computer animation , and the result is very pleasing to the eye : particularly in the climactic scenes , in which the son'a employ a giant space ship to suck up the rings of the ba'ku planet , the special effects have a clean , impressively sharp look .",pos
0,cv021,15838,24,"if i have any complaint about the film , it's that it tries to take a moral stance when it's not very appropriate to do so .",pos
0,cv021,15838,25,i don't think it's that big of a deal that the federation wanted to move 600 ba'ku in order to save the lives of thousands .,pos
0,cv021,15838,26,"better yet , why couldn't they have co-existed ?",pos
0,cv021,15838,27,insurrection feels a little to light to spring these kinds of big moral questions on the audience .,pos
0,cv021,15838,28,"with it's inherent camp factor , the star trek series doesn't seem well-equipped to deal with issues like this .",pos
0,cv021,15838,29,i prefer to just enjoy the spectacle .,pos
0,cv022,12864,0,a fully loaded entertainment review - website coming in july !,pos
0,cv022,12864,1,">from ace ventura to truman burbank , jim carrey has run the whole gamut of comic , yet sympathetic , characters .",pos
0,cv022,12864,2,"1996's the cable guy was supposed to be his big "" breakthrough "" role from zany humor into darker , more dramatic acting .",pos
0,cv022,12864,3,"as most everyone knows , the results were , well , less-than-stellar .",pos
0,cv022,12864,4,"not only did the film not do so hot at the box office , but it was also panned by critics .",pos
0,cv022,12864,5,"as far as i know , gene siskel and i are the only ones willing to admit that we dug it .",pos
0,cv022,12864,6,"the first time i saw the cable guy , in theatres , i was in super critic-mode , and didn't really like it .",pos
0,cv022,12864,7,"however , due to the fact that hbo shows the movie every single day , i've had time to lean back , relax , and take in the film .",pos
0,cv022,12864,8,"and to my surprise , it grew on me .",pos
0,cv022,12864,9,"the plot is rather simple : broderick plays a guy named steven who befriends his cable guy , played by carrey , then is stalked by him when steven tries to break off the relationship .",pos
0,cv022,12864,10,"see , steven's been having some problems with his girlfriend , robin ( leslie mann ) , and he doesn't think he has any more room in his life for a new friend .",pos
0,cv022,12864,11,"also , some of the cable guy's antics have been creeping him out .",pos
0,cv022,12864,12,"carrey , as the cable guy , gives steven various aliases , which later we find out are all tv characters : larry tate , chip douglas , ricky ricardo , etc . he apparently lives in his cable van , and while many critics didn't enjoy this newer , darker , less-manic performance from carrey , i thought it was interesting and rather well-done .",pos
0,cv022,12864,13,"for me , its not the movie as a whole that's enjoyable , but rather several individual scenes : a karaoke jam at steven's apartment , a medieval fight at a theme restaurant , and a bathroom beating ( a la liar , liar ) , just to name a few .",pos
0,cv022,12864,14,perhaps the fact that more of carrey's humorous side comes out during these scenes is what makes them so funny .,pos
0,cv022,12864,15,"and if you really want to see something , you've got to hear his version of jefferson airplane's "" somebody to love "" , sung at the aformentioned karaoke jam .",pos
0,cv022,12864,16,"the cable guy has its bad spots , like most any movie .",pos
0,cv022,12864,17,"i didn't particularly like steven's girlfriend , and i felt that more focus should have been used on the relationship between steven and his best friend .",pos
0,cv022,12864,18,"also , the ending , while having you fooled for a moment , is rather contrived , and somewhat dissapointing .",pos
0,cv022,12864,19,"still , i found the cable guy to be a worthwhile venture ; if you're at the video store and can't think of anything to rent , i suggest you try it out .",pos
0,cv022,12864,20,"or if you have hbo , just wait till it comes on ( you won't have to wait long . )",pos
0,cv022,12864,21,"hell , that's what i do every day .",pos
0,cv023,12672,0,"when bulworth ended , i allowed myself a sigh of relief : ? it is possible for me to enjoy political satire . ?",pos
0,cv023,12672,1,"there have been several recent political films that didn't do a whole lot for me -- wag the dog , for instance , i found to be an intelligent but heartless film , while primary colors is unbearable and unwatchable in its awfulness . ?",pos
0,cv023,12672,2,"bulworth is a far better film than these , both in its execution and lasting impression . ?",pos
0,cv023,12672,3,"it's a tremendously funny and intelligent picture , but it also has an emotional center -- writer/director/star warren beatty allows the audience to identify with his character , and , in turn , we like him and actually care about the story .",pos
0,cv023,12672,4,?,pos
0,cv023,12672,5,beatty plays incumbent democratic senator jay billington bulworth ; the film opens and we see bulworth sobbing as he watches his television spots over and over again . ?,pos
0,cv023,12672,6,"he hasn't slept in days , nor has he eaten , and , almost instantaneously , he goes insane .",pos
0,cv023,12672,7,"? he's not stark raving mad ( not outright , anyway ) , but he's definitely bonkers .",pos
0,cv023,12672,8,"? it's the final weekend of his campaign , and his assistant , murphy ( oliver platt ) has written him a speech to feed to a group of black people in a church in the ghetto .",pos
0,cv023,12672,9,"? bulworth begins the speech , but suddenly goes off track and just starts being honest . ?",pos
0,cv023,12672,10,""" you mean , "" one lady asks , "" the democratic party doesn't care about the african american community ? "" ?",pos
0,cv023,12672,11,""" well , "" he shouts , laughing , "" isn't that obvious ? """,pos
0,cv023,12672,12,the story is propelled by a device in which bulworth puts out a contract on his own life ( he muses later that it's a bad thing to make decisions when you're suicidal ) ; he keeps seeing a man in sunglasses ( graham beckel ) whom he believes to be the hitman .,pos
0,cv023,12672,13,? bulworth also meets nina ( halle berry ) with whom he becomes infatuated .,pos
0,cv023,12672,14,"? suddenly , in the short span of this weekend , bulworth's no-nonsense "" truth in politics "" methods become a national sensation , and he shoots ahead in the polls despite the fact that he's appearing on television wearing gang clothes and spewing more profanity than coherent sentences .",pos
0,cv023,12672,15,beatty's work on both sides of the camera is excellent . ?,pos
0,cv023,12672,16,"his script and direction are both extremely sharp , as is the surprisingly strong characterization of bulworth himself . ?",pos
0,cv023,12672,17,"here is a man who's reached his limit , and his way of lashing back is by screwing over the entire political structure . ?",pos
0,cv023,12672,18,"i like that the film doesn't take a clear shot at any of the political parties or affiliations , but at politics in general and how everything is run by the rich ( although the anti-rich sentiments do get a bit tiresome by the end of the film ) . ?",pos
0,cv023,12672,19,"some of the segments are simply hilarious , such as a lengthy rap that he delivers at a luncheon dedicated to him . ?",pos
0,cv023,12672,20,"much of the film is completely absurd , but that's the fun part about it . ?",pos
0,cv023,12672,21,"it's an angry , serious film at the core , but the package that beatty has created is so much more accessible than recent attempts in the genre . ?",pos
0,cv023,12672,22,what adds to this feeling is beatty's portrayal of bulworth ; this is a performance that deserves recognition on a higher scale .,pos
0,cv023,12672,23,"? beatty is so much fun to watch here -- he's always funny , but he's also subtle in ways that flesh out his character without dialogue or hugely noticeable actions .",pos
0,cv023,12672,24,"? beatty is so good that bulworth , despite his shortcomings as a human being , is an entirely sympathetic and likable character almost from the beginning .",pos
0,cv023,12672,25,the supporting cast is vast and colorful . ?,pos
0,cv023,12672,26,"berry is luminous , as always , and adds to her repertoire of solid supporting roles . ?",pos
0,cv023,12672,27,don cheadle has a good role as a drug dealer who uses gun-toting toddlers to do his dirty work . ?,pos
0,cv023,12672,28,"oliver platt is an actor who should be careful , for someday i fear he may induce a heart attack with the intensity of his acting ( though he's very funny to watch ) . ? paul sorvino adds the southern accent to his list of mastered inflections .",pos
0,cv023,12672,29,is bulworth offensive ? ?,pos
0,cv023,12672,30,i suppose some may see it that way . ?,pos
0,cv023,12672,31,"i wasn't offended by the film , but then again , i hardly care about politics . ?",pos
0,cv023,12672,32,i think that people who find this film offensive will just be blindsided by the honesty of the story . ?,pos
0,cv023,12672,33,"the film isn't perfect , of course -- the ending didn't quite work for me , and the a few of the scenes between bulworth and nina feel forced ( although the eclectic dance sequence is fantastic ) . ?",pos
0,cv023,12672,34,but these are minor quibbles about an otherwise brilliant film . ?,pos
0,cv023,12672,35,"bulworth is a smart , uproariously funny picture that proves to me that political satire can scratch far deeper than the surface . ?",pos
0,cv024,6778,0,"call 911 for the cliche police if you must , but the eyes are the window to the soul .",pos
0,cv024,6778,1,"the finest actors working in films are those who can command the screen with a gaze : paul newman , ralph fiennes , anthony hopkins , morgan freeman .",pos
0,cv024,6778,2,"you look at these men on screen and you can tell without them saying a word that there is something going on in their minds , that the characters they play are real human beings .",pos
0,cv024,6778,3,"we will never have a chance to discover if tupac shakur could have been a great actor , but he had that unique quality in his eyes .",pos
0,cv024,6778,4,"in gridlock'd , an oddly effective combination of gritty drama and social satire , shakur and his co-star tim roth take sketchy characters and make them exciting to watch through the pure energy of their talent and chemistry .",pos
0,cv024,6778,5,"shakur and roth play ezekiel "" spoon "" whitmore and alexander "" stretch "" rome , two detroit buddies who share a spoken word/jazz trio , an apartment and a drug addiction with cookie ( thandie newton ) .",pos
0,cv024,6778,6,"when a new year's eve party ends with cookie comatose after a drug overdose , spoon and stretch begin to wonder if they are living on borrowed time .",pos
0,cv024,6778,7,"they soon make a new year's resolution to get into rehab , but that proves to be easier said than done .",pos
0,cv024,6778,8,"as though the temptation to fix were not hindrance enough , spoon and stretch also find their attempts to get clean hitting a road block of bureaucracy , confusion and red tape .",pos
0,cv024,6778,9,"the government might be the least of their obstacles , however , as they find themselves suspects in the murder of a drug dealer , and on the run from a nasty thug ( vondie curtis hall ) .",pos
0,cv024,6778,10,"in order for you to buy into gridlock'd at all , you have to accept it as a surreal odyssey rather than as urban realism ; unless spoon and stretch sleep through an entire day at the hospital after bringing in cookie , they are going to government offices on new year's day , in which case they should be thankful they get any help at all .",pos
0,cv024,6778,11,"gridlock'd may actually be a response to the fatuous social commentary of another urban odyssey , 1991's falling down , which found a besieged middle class white male venting his righteous anger against the system during a trek through inner city los angeles .",pos
0,cv024,6778,12,"in falling down , michael douglas' d-fens ( the character's personalized license plate , echoed in gridlock'd by the drug lord d-reper's plates ) whips out a gun because he can't get breakfast at mcdonald's ; in gridlock'd , spoon and stretch are unarmed against the demands placed on them before they can get into a rehab center .",pos
0,cv024,6778,13,"and where the unhinged d-fens became a heroic surrogate for audiences , writer/director vondie curtis hall refuses to let spoon and stretch off the hook for their own part in the situation .",pos
0,cv024,6778,14,"one bureaucrat responds to a tirade from stretch with the question , "" do you expect the world to stop . . . just",pos
0,cv024,6778,15,"because you picked _today_ to clean up ? """,pos
0,cv024,6778,16,"the world in gridlock'd is just as frustrating as the world in falling down , but the cathartic moments yield no easy answers this time .",pos
0,cv024,6778,17,"hall has some interesting things to say about what we expect from the system , but perhaps not enough of them .",pos
0,cv024,6778,18,"a significant chunk of gridlock'd is devoted to spoon and stretch's flight from d-reper and from the police , and those sub-plots serve up some thoroughly predictable moments .",pos
0,cv024,6778,19,"in one scene , stretch scares off d-reper by getting chummy with a police officer ; another presents that old chestnut of the two mistakenly-suspected heroes in a public place watching a television news report of the crime which shows their pictures .",pos
0,cv024,6778,20,"the entire sequence of events seems designed merely as an excuse to get spoon and stretch running , while the other primary plot has them standing in line or sitting down much of the time .",pos
0,cv024,6778,21,"hall also plays with gratuitous inserts of drug paraphernalia and flashbacks to the day before the film's main events , perhaps making a particular effort to point out the talent the characters are wasting through self-destructive behavior .",pos
0,cv024,6778,22,"oh , the irony of it .",pos
0,cv024,6778,23,"tupac shakur made a career in music and movies playing the hard case , and living the life to back it up .",pos
0,cv024,6778,24,"in gridlock'd , shakur gets the chance to play someone who has seen enough of the way his life could go to know that it scares him .",pos
0,cv024,6778,25,"spoon is an idea for a character at best as written by hall , but shakur displays an intelligence and survival instinct which struggle with his addiction .",pos
0,cv024,6778,26,"mostly it comes through those eyes , eyes with none of the hardness you might expect from the infamous gangsta .",pos
0,cv024,6778,27,"it is spoon who plays conscience to stretch's pure appetite , and roth plays stretch with a gleeful self-destructiveness ( he reveals that he is hiv positive even as he is preparing to shoot up again ) which is as much an obstacle to spoon's goal as any agency or enemy .",pos
0,cv024,6778,28,"gridlock'd's most cruelly comic scene finds stretch "" helping "" spoon get into an emergency room by repeatedly stabbing him with a tiny pocket knife , and it becomes an appropriate symbol for how the company he keeps has slowly drained the life out of him .",pos
0,cv024,6778,29,"with friends like that , spoon doesn't need enemies , and shakur looks at stretch with the tired eyes of a man who has seen too much .",pos
0,cv024,6778,30,the tragedy now is that we won't get more chances to see those eyes again .,pos
0,cv025,3108,0,"hilarious , ultra-low budget comedy from film school dropout kevin smith chronicles a day in the life of two convenience store slackers ( brian o'halloran and jeff anderson ) .",pos
0,cv025,3108,1,they spend most of their day ignoring customers while discussing everything from fellatio to self-fulfillment .,pos
0,cv025,3108,2,"the premise is strictly sitcom and the photography is grainy as all get-out , but you could spend ten times the film's budget ( a reported $27 , 000 ) and still not get dialogue half as good as this .",pos
0,cv025,3108,3,originally rated nc-17 for language .,pos
0,cv025,3108,4,not recommended for viewers with sensitive ears .,pos
0,cv025,3108,5,killing zoe ===========,pos
0,cv025,3108,6,"remake reservoir dogs as a french art film and you're halfway to killing zoe , writer/director roger avary's slow-moving story of a failed bastille day bank robbery .",pos
0,cv025,3108,7,eric stoltz stars as an american in paris who gets in * way * over his head when hooks up with a band of nihilistic bank robbers .,pos
0,cv025,3108,8,he's the safecracker who's blissful unaware that the bank job is a botch job from the word go .,pos
0,cv025,3108,9,"though intriguing on all fronts , the film is paced at half the speed of pulp fiction , which avary co-wrote with quentin tarantino .",pos
0,cv025,3108,10,in english and french .,pos
0,cv025,3108,11,the road to wellville =====================,pos
0,cv025,3108,12,"based on the novel by t . coraghessan boyle , the road to wellville doesn't go very far .",pos
0,cv025,3108,13,"bowels , bowels , and more bowels are explored by dr . john harvey kellogg ( a buck-toothed and bespectacled anthony hopkins ) , who , in the early 1900's , advocated abstinence , vegetarianism , and frequent defecation .",pos
0,cv025,3108,14,he also invented the cornflake .,pos
0,cv025,3108,15,really .,pos
0,cv025,3108,16,"checking-in to kellogg's battle creek sanitarium are matthew broderick and bridget fonda , just two of the many well-known faces in this failed comedy .",pos
0,cv025,3108,17,"leave your laughter at the door and you can marvel at the unfunny antics of john cusack , michael lerner , lara flynn boyle , john neville , and dana carvey .",pos
0,cv025,3108,18,"the art direction is impeccable and some of the early sequences are amusing , but the novelty quickly wears off as writer/director alan parkers tries his darnedness to turn doo-doo into drama .",pos
0,cv025,3108,19,what he ends up with is something that i can't print here .,pos
0,cv025,3108,20,phew !,pos
0,cv025,3108,21,stargate ========,pos
0,cv025,3108,22,lawrence of arabia meets star wars .,pos
0,cv025,3108,23,this epic sci-fi film is more sheer spectacle than anything else .,pos
0,cv025,3108,24,director roland emmerich ( universal solider ) shamelessly rips off lucas and spielberg and just about any other cosmic cliche that he can lay his hands on .,pos
0,cv025,3108,25,"the film is overlong , the characters are cardboard , and the script is filled with some of the most laughable details in modern sci-fi history .",pos
0,cv025,3108,26,"that said , there's still plenty to watch here .",pos
0,cv025,3108,27,"sci-fi fans should enjoy the sculpted sands , the morphing headdresses , and a surprisingly spunky james spader .",pos
0,cv025,3108,28,"he plays the egyptologist who gets to prove his theory that that "" somebody else "" built the pyramids .",pos
0,cv025,3108,29,less interesting are co-stars kurt russell and jaye davidson of crying game fame .,pos
0,cv025,3108,30,star trek generations =====================,pos
0,cv025,3108,31,"trek fans may be more forgiving , but , for the rest of us , the sluggish star trek generations is a mixed bag at best .",pos
0,cv025,3108,32,"the story is interesting , but each scene goes too long .",pos
0,cv025,3108,33,"the cast is earnest , but the direction lacks punch .",pos
0,cv025,3108,34,and so on .,pos
0,cv025,3108,35,( the best example of the latter is a klingon comeuppance that delivers none of the impact of a similar scene in star trek ii . ),pos
0,cv025,3108,36,"original enterprise captain james t . kirk appears on both ends of the story , though they cut the scene where shatner turns to the screen to plead "" get a life . """,pos
0,cv025,3108,37,remarkably unremarkable .,pos
0,cv025,3108,38,miracle on 34th street ======================,pos
0,cv025,3108,39,"in a season of the specialist and pulp fiction et al , maybe a remake of miracle on 34th street * is * necessary .",pos
0,cv025,3108,40,john hughes certainly believes in santa claus and his les mayfield-directed production does nothing to tarnish the memory of the 1947 original .,pos
0,cv025,3108,41,"the romance between costars dylan mcdermott and elizabeth perkins doesn't work too well , but the film makes a strong case that richard attenborough is the definitive kriss kringle .",pos
0,cv025,3108,42,his chemistry with children can moisten any eye .,pos
0,cv025,3108,43,no claus for alarm .,pos
0,cv025,3108,44,junior ======,pos
0,cv025,3108,45,arnold schwarzenegger pregnant ?,pos
0,cv025,3108,46,"sure , billy crystal did it before in rabbit test , but the sight of schwarz with a bulging belly is a casting coup comparable to dustin hoffman in tootsie .",pos
0,cv025,3108,47,what should be nothing more than a one-joke premise actually gets better as it goes along .,pos
0,cv025,3108,48,"director ivan reitman ( dave , twins ) wisely keeps the farce to a minimum , so the first hour moves slower than you might expect .",pos
0,cv025,3108,49,"don't expect too many yuks from danny devito , but you can't beat those early romantic scenes between emma and arnie .",pos
0,cv025,3108,50,how's * that * for a collision of acting styles ?,pos
0,cv026,29325,0,"for those of us who weren't yet born when the 1960's rock 'n' rolled around , monterey pop affords an affectionate glimpse of the music that influenced our parents to be hippies .",pos
0,cv026,29325,1,"from otis redding to jimi hendrix , janis joplin to the mamas and the papas , and jefferson airplane to the who , this documentary is jam-packed with contagious energy .",pos
0,cv026,29325,2,"but i give fair warning that i will reveal the ending , which does not do the rest of the film the justice it deserves .",pos
0,cv026,29325,3,"shot in 1969 at an outdoor concert that precluded woodstock , the film defies the stereotype of the general population at the time .",pos
0,cv026,29325,4,"sure , some have painted their faces and smoke joints , but d . a .",pos
0,cv026,29325,5,"pennebaker ( the war room , moon over broadway ) surprisingly chooses to show a broad spectrum of the audience .",pos
0,cv026,29325,6,"no matter who is watching , it all comes back to the talented musicians that stir your soul .",pos
0,cv026,29325,7,the excitement starts before the music even begins .,pos
0,cv026,29325,8,"a young girl is cleaning thousands of seats and when asked why by an interviewer , she replies that she feels lucky to do so .",pos
0,cv026,29325,9,"there are moments of organized craziness as john phillips , leader of the mamas and the papas and one of the concert organizers , tries to get in touch with dionne warwick .",pos
0,cv026,29325,10,"and when one band is tuning up , a member remarks , "" finally , a decent sound system ! """,pos
0,cv026,29325,11,"you can tell just by watching these first few moments that this show isn't about vanity , it's about playing the music you love to those who have an appreciation for it , a two-way street .",pos
0,cv026,29325,12,this interaction between audience and performer continues throughout the film and becomes infectious to the audience .,pos
0,cv026,29325,13,it's impossible to tear your eyes away from janis joplin as she belts out her ballad about love being a ball and chain .,pos
0,cv026,29325,14,"and while the lyrics to "" wild thing "" may not be all that complicated , watching jimi hendrix mime having sex with his guitar is as captivating as otis redding singing about love .",pos
0,cv026,29325,15,"even if you don't recognize every band you see on stage , you can imagine being as enthralled by their work as the public sitting in those seats .",pos
0,cv026,29325,16,"the only drawback to the film is the ending , which unfortunately i must reveal .",pos
0,cv026,29325,17,"all the other bands , big names then and still today , got approximately 7 to 10 minutes of screen time .",pos
0,cv026,29325,18,"in contrast , the last band on camera , a wholly forgettable one , gets an entire 18 minutes of screen time .",pos
0,cv026,29325,19,"for a film that's only 78 minutes long , that's too large of a chunk , especially when previous acts are much more stimulating .",pos
0,cv026,29325,20,"all in all , monterey pop is a precious , rare look at a time period that still holds sway over us .",pos
0,cv026,29325,21,"the variety of music , as well as the beautifully shot performances , are easy to become immersed in .",pos
0,cv026,29325,22,"if there was ever any question as to why most of these bands were so popular , this is quickly dispelled .",pos
0,cv026,29325,23,it's almost depressing to think that music this moving doesn't get made much anymore .,pos
0,cv026,29325,24,"instead we're stuck with * nsync , the backstreet boys , and jennifer lopez , all of whom should have stuck with modeling .",pos
0,cv027,25219,0,"the most common ( and in many cases the only ) complaint against francis ford coppola's 1972 masterpiece the godfather is glamorising of mafia , which is presented as an institution guided by ancient tradition and virtues like honour , loyalty and solidarity more suitable for some gentler , kinder ages .",pos
0,cv027,25219,1,"martin scorsese , another italoamerican moviemaker , confronted that perspective with his own , more down-to-earth vision of mafia in 1973 mean streets , movie that dealt with lower echelons of organised crime .",pos
0,cv027,25219,2,"unfortunately for scorsese , his film was unspectacular and too artsy to compete with coppola's influence on mafia portrayals in the movies .",pos
0,cv027,25219,3,seventeen years later scorsese returned to mean streets of new york with another film that dealt with darker side of american organised crime .,pos
0,cv027,25219,4,"this film was goodfellas , epic black comedy which is today considered as one of the best and most influential films of 1990s .",pos
0,cv027,25219,5,"goodfellas owes some of its initial success and popularity to the fact that it was based on the true story , told in best-seller book wiseguy by nicholas pileggi ( who would co-write the screenplay for the film ) .",pos
0,cv027,25219,6,"the book , as well as the film , chronicled thirty years in the life of henry hill ( played by ray liotta ) , irish-italian criminal from new york .",pos
0,cv027,25219,7,"at the age of 13 he gets recruited in the criminal organisation of paulie cicero ( played by paul sorvino ) , local mob boss , and gradually climbs up the ladder starting with small errands .",pos
0,cv027,25219,8,"after couple of years , together with his best childhood friend tommy de vito ( played by joe pesci ) , he joins the crew of expert thieves led by jimmy conway ( played by robert de niro ) .",pos
0,cv027,25219,9,"three of them spend years as best friends and associates , gathering enormous wealth from their criminal enterprises that would culminate with one of the most spectacular robberies in american history .",pos
0,cv027,25219,10,"wealth , influence and privileges of men connected with mafia are enough for henry hill to seduce his future wife karen ( played by lorraine bracco ) , who would afterwards remain loyal to her husband despite infidelities , domestic abuse , arrests and would even be accomplice to his own private drug dealing business .",pos
0,cv027,25219,11,"but the perfect world of "" wiseguys "" gradually begins to fall apart - tommy's unpredictable outbursts of homicidal violence , jimmy's reluctance to share his part of the loot with partners and , finally , henry's own drug habit would lead to his downfall and make him question his loyalty to the friends .",pos
0,cv027,25219,12,goodfellas is an excellent example of a film that represents work of a film genius in his full glory .,pos
0,cv027,25219,13,scorsese managed to create a vision which is effective and complete despite being full of contradictions that would ripped the film apart in the hands of less talented filmmaker .,pos
0,cv027,25219,14,world depicted in this film is both ordinary and fascinating .,pos
0,cv027,25219,15,"scorsese spares no effort to show us all the violence , hypocrisy and inherent paranoia of organised crime , yet it manages to make it both seductive and funny .",pos
0,cv027,25219,16,"after being exposed to two and half hours of the film and three decades of criminal history ( based on some notorious real life events ) , the audience understands why the characters chose such dangerous life paths , trading the superficial and short-lasting glamour and prosperity of a criminal to the dullness and poverty of honest citizens .",pos
0,cv027,25219,17,"scorsese also manages to break viewer's moralistic inhibitions by showing truly revolting material - scenes that depict personal tragedies , broken homes , human depravity , violence , bloodshed and murder - in all their uncompromising reality , but in a manner that would make it amusing and funny to the audience .",pos
0,cv027,25219,18,"with the use of ironic soundtrack , manipulative shots , character's dialogue or narrator's commentary , goodfellas represents the new standards of black humour that would became very popular few years later during tarantino era .",pos
0,cv027,25219,19,"even if we don't pay attention to skills with which potentially disturbing material becomes eye pleasing and entertaining , we should admit that scorsese displays his talents of truly original and creative filmmaker .",pos
0,cv027,25219,20,"first , we might notice unusual structure of the plot - relatively minor subplot is used as movie's ironic prologue .",pos
0,cv027,25219,21,"then , instead of single narrator , scorsese switches to the second character as narrator in the middle of the film only to switch back to the original shortly afterwards .",pos
0,cv027,25219,22,"this multiple points of views , both in terms of narration and various subjective shots , only lengthens the ironic distance towards characters and their situation .",pos
0,cv027,25219,23,same ironic distance comes with extremely effective choice of soundtrack .,pos
0,cv027,25219,24,"nostalgia for good old times is illustrated with easy-listening 1950s pop songs , while depression , paranoia and bad times find their expression in more neurotic rock songs of late 1960s and 1970s .",pos
0,cv027,25219,25,"but the soundtrack is most effective when it is used as ironic comment - almost pastoral , easy listening tunes make strong and very ironic contrast to the scenes of violence and bloodshed .",pos
0,cv027,25219,26,"however , thing most associated with this film is couple of continuos shots that feature characters moving through large rooms and interacting with dozens if not hundreds of people .",pos
0,cv027,25219,27,"such scenes , although they require very great skill and patience during their shootings , became very popular among other directors in 1990s .",pos
0,cv027,25219,28,"fragmentary character of the screenplay , which doesn't have straight plot and instead bases film on series of loosely connected vignettes , gives another interesting opportunity for scorsese .",pos
0,cv027,25219,29,"he uses this structure of film to experiment , and most successful of such experiments is hilarious "" a day in life "" segment near the end of the film .",pos
0,cv027,25219,30,another essential element of goodfellas is large but superb collection of great acting talents .,pos
0,cv027,25219,31,"the most respectable among them is robert de niro , but his character , who happen to be most quiet and business-like member of criminal trio , gets overshadowed by two of his friends and colleagues .",pos
0,cv027,25219,32,"joe pesci deserved his "" oscar "" for supporting role of homicidal psychopath tommy , and his lines , including ad-libs , probably represent the most memorable element of the film .",pos
0,cv027,25219,33,"ray liotta , although equally talented , perhaps doesn't look as the best choice for narrator and nominal hero of the film .",pos
0,cv027,25219,34,liotta's henry hill looks somewhat too hollywoodised and glamorous among this bunch of low-level street thugs .,pos
0,cv027,25219,35,"liotta , on the other hand , improves general impression by very realistic and menacing portrayal of drug addiction .",pos
0,cv027,25219,36,"lorraine bracco is , on the other hand , very effective and believable as karen hill , wife who gradually descends into same moral cesspool as her husband .",pos
0,cv027,25219,37,"paul sorvino is also very effective as patriarch mafioso , and among the supporting cast most memorable is chuck low as pestering small-time gangster who unknowingly digs his own grave .",pos
0,cv027,25219,38,"as a combination of clever sociological study , black humour and innovative filmmaking goodfellas became something only the truly great films could do - work of art and excellent popular entertainment in the same time .",pos
0,cv027,25219,39,"because of this achievement , and also because of the great influence on future filmmakers , this cinematic gem deserves its rightful place among the best films of 1990s .",pos
0,cv028,26746,0,""" the blair witch project "" was perhaps one of a kind , a unique film that played completely on its own merit , managing to scare even the most experienced horror fans out of their senses .",pos
0,cv028,26746,1,"its success made a sequel inevitable , but this is not the sequel , i suspect , anyone much wanted .",pos
0,cv028,26746,2,"after the release of "" the blair witch project "" , tourists have practically invaded the small town of burkettsville , in order to get a glimpse of the blair witch .",pos
0,cv028,26746,3,"locals have turned this mass hysteria into a great business opportunity , selling twig-sculptures , stones and dirt like those in the movie , and the exasperated local sheriff patrols the woods with a bullhorn , shouting , "" get out of these woods and go home !",pos
0,cv028,26746,4,"there is no goddamned blair witch ! "" .",pos
0,cv028,26746,5,"jeff ( ) is one of those people , who has used the sudden popularity of the small town to his advantage .",pos
0,cv028,26746,6,"after he got released from the mental institution , he created a mobile business that attracts thousands of customers through the internet .",pos
0,cv028,26746,7,"as the movie starts he is leading one of these groups into the woods , on the "" blair witch hunt "" .",pos
0,cv028,26746,8,"among the five strangers is stephen and his girlfriend , the pregnant tristen , who are writing a book on the hysteria caused by the film called "" the blair witch : history or hysteria ? "" , and kim , who dresses in black and has some psychic powers .",pos
0,cv028,26746,9,"the last member of the crew is erica , a young beautiful witch-wannabe , who constantly quotes from the wiccan lore , saying "" the first rule of wicca is , do no harm , because whatever you do will come back to you threefold . """,pos
0,cv028,26746,10,"this strange group plunges into the woods , where they begin to argue about their different approaches to the experience .",pos
0,cv028,26746,11,"on the very first night that they decide to spend under the stars amidst the ruins of parr's abandoned house , strange things start happening .",pos
0,cv028,26746,12,when they wake up their equipment is gone and only the tapes remain .,pos
0,cv028,26746,13,after a while they discover strange markings on their bodies .,pos
0,cv028,26746,14,"they are somehow lost in time , as it loops uncontrollably back and forth .",pos
0,cv028,26746,15,they are all haunted by hallucinations and horrible nightmares and soon they can not see the difference between dreams and reality .,pos
0,cv028,26746,16,the only thing that they are sure of is that they have brought something or someone with them from the woods . .,pos
0,cv028,26746,17,"documentary director joe berlinger ( "" paradice lost "" ) helms "" blair witch 2 "" , leaving the creators of the first film ( dan myrick and ed sanches ) in the background .",pos
0,cv028,26746,18,"the opening scenes--the documentary showing the townspeople affected by the first film-- is a more promising approach , because instead of trying to cover similar ground , it goes outside the first film and makes its own stand .",pos
0,cv028,26746,19,"but soon the movie gets confused and sidetracked by its own story , that is never resolved and ends with a very anticlimaxic epilogue .",pos
0,cv028,26746,20,"in a way , this is a typical hollywood sequel .",pos
0,cv028,26746,21,more money has been spent and more people have worked on a project that was doomed to fail .,pos
0,cv028,26746,22,the horror and suspense of the original simply could not be repeated .,pos
0,cv028,26746,23,"of course in these situations , quantity is more important than quality and profit is more important than the artistical values .",pos
0,cv028,26746,24,"from its opening scenes when the camera gracefully panes over the bloody-red forest , with carter burwell's ( "" being john malkovich "" and "" fargo "" ) musical score in the background , you realize that with the exception of its title , this film has absolutely nothing to do with "" the blair witch project "" .",pos
0,cv028,26746,25,""" blair witch . . """,pos
0,cv028,26746,26,was filmed by handheld videocameras and nfeatured acting that was mostly based on improvisation .,pos
0,cv028,26746,27,"in the sequel the technical aspect of the film is close to perfection , creating a completely different atmosphere .",pos
0,cv028,26746,28,"with its graceful cinematography , production design and flashy editing , the film has a very polished look , which is impossible to associate with the first installment .",pos
0,cv028,26746,29,"and though berlinger directs his film with an energy and pace that makes the adrenaline rush through the body a couple of times , he has obviously misunderstood the nature of his predecessor .",pos
0,cv028,26746,30,the key is simplicity .,pos
0,cv028,26746,31,""" blair witch project "" had a story which was incredibly simple .",pos
0,cv028,26746,32,that allowed the audience to fill the gaps with our own imagination .,pos
0,cv028,26746,33,"the film was practically an empty screen , on which we projected our most frightening nightmares .",pos
0,cv028,26746,34,"the effect was incredibly powerful , lasting and entir e everyone , but in a different way .",pos
0,cv028,26746,35,""" book of shadows "" feels incredibly controlled and restrict .",pos
0,cv028,26746,36,"here , very little is left to our imagination and the story is so complex and "" clever "" that the screenwriters are the first to get lost in it .",pos
0,cv028,26746,37,there is is no book of shadows and no conclusion that we can be satisfied with .,pos
0,cv028,26746,38,this is simply a less artistic film that doesn't have the talent and originality of its predecessor .,pos
0,cv028,26746,39,it resorts to fancy cinematography and special effects to create the right effect and doesn't always succeed .,pos
0,cv028,26746,40,"but most importantly : it stands on its own ground and has almost no connection with the first movie , which doesn't allow it to destroy the original .",pos
0,cv028,26746,41,"in the end , i can't call it a bad effort .",pos
0,cv028,26746,42,"it's less artistic , not so scary and less original , but certainly not bad .",pos
0,cv028,26746,43,it's simply different .,pos
0,cv028,26746,44,"in fact , if you haven't seen "" the blair witch project "" , you might like this film for what it is -- a cross between "" the blair witch project "" and the "" scream "" -films .",pos
0,cv028,26746,45,the only element that remains constant and similar between the two films is the solid acting ( jeffrey donovan and tristine skyler should be mentioned ) and incredible sense of surrealism .,pos
0,cv028,26746,46,"but it's a common knowledge and experience that , with a few exceptions , every movie sequel is worse than the original and some are even not worth making .",pos
0,cv028,26746,47,"to me the story of "" the blair witch project "" seemed completed , but there are obviously no limits to commercial success that "" the book of shadows "" is certainly assured .",pos
0,cv028,26746,48,"and it's already time to look forward to "" blair witch 3 "" .",pos
0,cv029,18643,0,"seen may 31 , 1999 on home video ( rented ) .",pos
0,cv029,18643,1,"one of the best things about the movies is that they can make you really start to wonder and analyze things in your own , everyday life that you might not have thought much of otherwise .",pos
0,cv029,18643,2,"with some films it might be just a secondary issue , but with `dark city' what we get is nearly an entire film committed to philosophizing and theorizing about human memory and how it defines who we are , which is a poignant theme made through an absolutely beautifully-constructed film with the kind of story and setting that could only happen in a movie .",pos
0,cv029,18643,3,"there's an old role-playing computer game called `d ? ja v ? ' wherein the player takes on the role of a man who can't remember who he is , where he is and how he got there .",pos
0,cv029,18643,4,the goal is to gather as many clues as possible to figure that out and along the way overcome a conflict .,pos
0,cv029,18643,5,"the premise to this film is not unlike that game , only this time we don't have control over the protagonist .",pos
0,cv029,18643,6,"we begin by meeting a seemingly ordinary man living in an extremely dark and dirty city ( actually , it's more than just the city , it's the whole reality ) that isn't just that neo-gothic look ( a la `batman , ' `blade runner , ' ) , but is so fully developed it's almost a different genre completely .",pos
0,cv029,18643,7,"later he will learn that his name is john murdoch ( sewell ) , but for now he has no idea what's going on other than the fact something is not right .",pos
0,cv029,18643,8,"the fact there's a dead body in the corner goes to enhance the feeling of paranoia and a mysterious , hurried call telling him to leave immediately is also very chilling .",pos
0,cv029,18643,9,"this opening scene alone goes a long way to define the setting of the film and its bizarre , horrific tone .",pos
0,cv029,18643,10,the man doesn't know who he is nor where he's going and it's interesting to follow him since we the viewers have no idea either we can sympathize and identify with him .,pos
0,cv029,18643,11,"in fact , this is the way all stories begin since it's impossible to know the history of a character , their feelings , values , morals , etc . until after we've observed them for a while .",pos
0,cv029,18643,12,"but in this case , the total feeling of amnesia is an excellent tool towards characterization , developing the mood and outlining the story .",pos
0,cv029,18643,13,"eventually , some semblance of a plot begins to unfold as it appears that john is a serial killer wanted by the police .",pos
0,cv029,18643,14,"we met inspector frank bumstead ( hurt ) , a quiet , unemotional , soft-spoken deadpan man who appears to have been on the trail of the killer for some time .",pos
0,cv029,18643,15,"two other important characters are also introduced : dr . daniel p . schreber ( sutherland ) , a neurotic psychiatrist who claims to be john's doctor ; and emma murdoch ( connelly ) , a jazz singer dolled up to look like a caraciture right out of the old dick tracy serials or any given leading lady of the old film-noir movies .",pos
0,cv029,18643,16,it was schreber who contacted john for reasons that are continually revealed throughout the course of the film .,pos
0,cv029,18643,17,"he also contacts emma , which further helps the film reveal what is seemingly a complex , mysterious back story .",pos
0,cv029,18643,18,"but absolutely nothing is as it appears to be in `dark city , ' which is what makes it so fascinating throughout its continual scenes of confusion and vertigo .",pos
0,cv029,18643,19,"everything the filmmakers want us to see has some significance - considering how intricate the detail is to every single shot , its lighting , art direction and overall production design , they don't seem to be able to afford any gratuities .",pos
0,cv029,18643,20,"however , that might also be what's keeping it from reaching its maximum potential .",pos
0,cv029,18643,21,"by continuing to follow john as he wanders around this strange place , so much unlike the real world we know , we come to realize that it's all a hoax .",pos
0,cv029,18643,22,everyone in the city is the subject of an experiment being conducted by a race of aliens to understand what makes humans tick in their efforts to somehow save themselves from extinction .,pos
0,cv029,18643,23,"but , as the film's tagline says , `last night , one of us went off . '",pos
0,cv029,18643,24,"for reasons that are never clearly explained , it appears that john possesses telekinetic powers to can do pretty much whatever his mind can conceive ( a process known as `tuning' ) .",pos
0,cv029,18643,25,"the aliens , which look like very old bald human men with pasty skin , also possess the power en masse and use it to change the city every night at midnight .",pos
0,cv029,18643,26,"at the same time all the humans fall asleep and after the changes are made , they awake and either continue where they left off or begin a new life they have no idea they did not have until then .",pos
0,cv029,18643,27,this premise certainly is interesting and director and co-screenwriter alex proyas is able to keep the film consistently mysterious in this regard .,pos
0,cv029,18643,28,he does provide some explanations such as that dr . schreber is an assistant to `the strangers' because he somehow could synthesize memory into chemical form .,pos
0,cv029,18643,29,the aliens mix and match the memories of the city's population to see who will change and who will not .,pos
0,cv029,18643,30,"in the process this creates for a good deal of deep , thought-provoking philosophies that could be applied to the real world .",pos
0,cv029,18643,31,"however , where the film errs is by not playing up the idea of memory versus the human heart as to what makes a person who he or she is .",pos
0,cv029,18643,32,"the main characters are all closely intertwined within the seemingly complex murder mystery which never actually happened , yet when they start to go through some of the expected emotions it comes off as distant , static and cold ( mediocre performances by hurt and connelly don't help either ) .",pos
0,cv029,18643,33,"for example , john realizes emma is not and probably never was his wife so he does not feel an emotional bond to her , yet in some scenes crucial to the film's plot , we are expected to believe they do have a genuine love for each other , which is also part of the film's climax and ending .",pos
0,cv029,18643,34,"and that's what proyas seems to be inferring with the film , but never quite manages to convey in its fullest sense .",pos
0,cv029,18643,35,"ironically , this is what made his first film `the crow' work so well , which had a similar theme of struggling to find hope and the human spirit within a nearly identical , dark twisted world .",pos
0,cv029,18643,36,with `dark city' the messenger seems to be mistaken for the message .,pos
0,cv029,18643,37,"still , the film is by no means bad and is consistently entertaining and enjoyable .",pos
0,cv029,18643,38,"there's a lot to like here , most notably the sheer visual look and style of it all which accounts for at least half the reasons the film is able to tell the story it does .",pos
0,cv029,18643,39,the story as a whole is one of the most original to come out of hollywood in years .,pos
0,cv029,18643,40,`dark city' is what the movies are all about - the escape from the real world .,pos
0,cv030,21593,0,"linda fiorentino disappeared off the radar after a deservedly heralded turn in the cable pic the last seduction , and her being cast as dogma's lead is nothing short of inexplicable .",pos
0,cv030,21593,1,"she's still in fine form as bethany , an abortion clinic worker who's lost her faith .",pos
0,cv030,21593,2,"one night , a visitor from heaven makes a fiery entrance in bethany's bedroom .",pos
0,cv030,21593,3,"he is metatron ( alan rickman ) , the voice of god , and he needs her help : she must stop two fallen angels from entering a new jersey church-the fate of the universe depends on it .",pos
0,cv030,21593,4,"god would do it him/herself , but he/she is . . . missing , having taken up human form somewhere on earth never to be heard from again .",pos
0,cv030,21593,5,"bethany is joined on her road trip to the garden state by the "" prophets "" jay ( jason mewes ) and silent bob ( kevin smith , doing double-duty ) , the slacker minstrels who have appeared in all of smith's films thus far .",pos
0,cv030,21593,6,"at some point , rock drops naked out of the sky as rufus , the undocumented ( and very black ) "" thirteenth apostle "" , and offers his assistance , as does divine stripper serendipity ( salma hayek ) .",pos
0,cv030,21593,7,it's a wild ride .,pos
0,cv030,21593,8,"they're in pursuit of loki and bartleby ( damon and affleck , respectively-this is probably the sharpest either has ever been ) , who were banished from heaven to wisconsin and have discovered a dogmatic loophole that will enable their return .",pos
0,cv030,21593,9,loki decides to wreak havoc along the way with the knowledge that his sins will be absolved at the pearly gates .,pos
0,cv030,21593,10,"at one point , he terrorizes a boardroom full of suits with an angry combination of words and bullets .",pos
0,cv030,21593,11,"it's a nasty , guiltily enjoyable little scene that asks , "" how corrupt are you ? "" .",pos
0,cv030,21593,12,wings of desire this ain't .,pos
0,cv030,21593,13,"since debuting with clerks , smith has grown as a director , particularly in terms of working with actors .",pos
0,cv030,21593,14,"( chris rock is this film's only weak link-between jokes , he's wooden . )",pos
0,cv030,21593,15,"his no-frills visual style hasn't changed much over the years , though ( dogma's widescreen compositions at least have blockbuster affectations ) , nor has his writing-his characters still sit around delivering one caustic , hilarious speech after another .",pos
0,cv030,21593,16,"dogma chips away at big religious issues-namely , the hypocrisy that accompanies any organized system of beliefs-eloquently and articulately , but a few of the monologues sound too much like blatant exposition .",pos
0,cv030,21593,17,"as well , the verbal introduction of each new person seems to take forever .",pos
0,cv030,21593,18,"any movie with this much weighty talk would have a hard time maintaining momentum ( hurlyburly , anyone ? ) , and eventually dogma's pacing goes slack .",pos
0,cv030,21593,19,"a long diatribe from bartleby late in the game , in which he laments the destiny of celestial beings , comes at a point when we've heard enough .",pos
0,cv030,21593,20,"because his change of heart ( bartleby is initially the good cop to loki's bad ) drives the climax , said rant is given a great deal of screen time .",pos
0,cv030,21593,21,"sure , affleck deserved a big moment ( damon steals their scenes together prior ) , but it ultimately makes the film and us feel bloated .",pos
0,cv030,21593,22,"like tarantino , smith was a video-age sponge who became a sample-mad indie filmmaker .",pos
0,cv030,21593,23,"dogma pays welcome homage to an eclectic batch of movies , including indiana jones and the last crusade , with silent bob doing his best harrison ford , and weird science-a shit demon attacks our heroes !",pos
0,cv030,21593,24,"smith also has a kitchen sink brand of humour : his dexterous maneuvering between the satirical ( a cardinal played by george carlin attempts to mount a publicity campaign with the slogan "" catholicism wow ! "" ) and the scatalogical ensures that no lover of comedy will leave dogma feeling malnourished .",pos
0,cv030,21593,25,i bust ( ed ? ) a gut on several occasions .,pos
0,cv030,21593,26,proceedings also get off on the right foot with the opening with the funniest disclaimer ever .,pos
0,cv030,21593,27,"it's a disclaimer unlikely to put protestors at ease , for to read it , one actually has to see dogma .",pos
0,cv030,21593,28,"the prerelease ballyhoo is in the tradition of the last temptation of christ's , martin scorsese's 1988 adaptation of nikos kazantzakis' controversial novel , in that it is not directly linked to the picture's content but to rumours and heresy .",pos
0,cv030,21593,29,"there's a famous anecdote about fletch director michael ritchie inviting picketers of the last temptation of christ into a screening on his dime , just so they could know for certain what they were rallying against .",pos
0,cv030,21593,30,( not one of them had watched it . ),pos
0,cv030,21593,31,every single person refused .,pos
0,cv030,21593,32,"smith and scorsese have a lot in common , and so do the two films in question , because both smith's bethany and scorsese's jesus are hollow shells without their faith .",pos
0,cv030,21593,33,"in fact , dogma's denouement ( which follows a thrilling showdown that's worth the wait ) is a catholic love-in , a veritable recruitment poster .",pos
0,cv030,21593,34,( i felt sentimental about a religion i don't belong to .,pos
0,cv030,21593,35,"now that's powerful filmmaking . ) smith is nothing if not sincere about his own devotion to god , and that spirituality shines through .",pos
0,cv030,21593,36,it's enough to make me forgive dogma for its editorial sins .,pos
0,cv030,21593,37,my religion is movies .,pos
0,cv030,21593,38,"when the catholic league beats on dogma for imaginary crimes against a doctrine , in a roundabout way they're attacking what i live for : freedom of expression through celluloid .",pos
0,cv030,21593,39,"i therefore feel that , although i'm no bible-thumper , i'm at least as qualified to criticize dogma as william donohue and his followers .",pos
0,cv031,18452,0,you've heard all the hype .,pos
0,cv031,18452,1,"you've seen all their faces - natalie portman ( the professional ) as queen amidala , liam neeson ( schindler's list ) as qui-gon jinn , ewan mcgregor ( trainspotting ) as obi-wan kenobi , and jake lloyd ( jingle all the way ) as young anakin skywalker .",pos
0,cv031,18452,2,"if you've read any reviews , you've also probably heard that this movie fails to live up to the magic and humanity of the first trilogy .",pos
0,cv031,18452,3,"you also may have heard that this one's too kiddie-friendly , and doesn't have enough content for adults .",pos
0,cv031,18452,4,believe the hype .,pos
0,cv031,18452,5,"the effects are stunning , the digitalized creatures are amazingly realistic , the lightsaber duels are amazing , and queen amidala's sumptuous robes are fit to be worn by queen elizabeth .",pos
0,cv031,18452,6,"but there's something missing here , and it isn't budget or effects - it's everything money * can't * buy .",pos
0,cv031,18452,7,the actors struggle as best they can to flesh out broad-stroked and flat characters .,pos
0,cv031,18452,8,"the most successful at this is liam neeson who , as qui-gon jinn , a jedi master to young obi-wan kenobi , has quiet dignity and a wise , commanding presence .",pos
0,cv031,18452,9,"he is the anchor to this movie , as he is the one character who george lucas apparently spent some time fleshing out .",pos
0,cv031,18452,10,portman's queen amidala and mcgregor's obi-wan kenobi don't fare nearly so well .,pos
0,cv031,18452,11,"amidala , the future mother of luke and leia and the queen of a peaceful planet being invaded by the trade federation ( ? ! ? ) , comes off as stoic , stilted and caricatured ( it appears as though she was a vulcan geisha in a former life ) .",pos
0,cv031,18452,12,"and obi-wan , although mcgregor makes him very endearing , has so little screen time that he's nothing but a robin to qui-gon jinn's batman .",pos
0,cv031,18452,13,"however , mcgregor does struggle manfully to infuse this surprisingly small supporting role with a spark of genuine insight and humanity , and he does a good job .",pos
0,cv031,18452,14,"he also absolutely nails alec guiness' ( obi-wan in episode 4 - 6 ) scottish accent , and that really makes his presence in the film more profound than it might have been otherwise .",pos
0,cv031,18452,15,"in fact , lucas seems to bank on that preexisting knowledge quite a bit , and that's one of the problems with this film .",pos
0,cv031,18452,16,"i would never call myself a "" star wars "" fan - especially not considering what it means to be a fanatic these days - but i've always enjoyed the films along with everyone else in america .",pos
0,cv031,18452,17,"however , if you are the one person in america who * hasn't * seen the films at all or even recently , or who doesn't bother to brush-up on the names of obscure characters , you may be hopelessly lost .",pos
0,cv031,18452,18,"for example , one of the film's main ( nefarious ) characters is senator palpatine .",pos
0,cv031,18452,19,"for those of you not recently steeped in "" star wars "" trivia , emperor palpatine is that scary hooded apparition who was darth vader's master in "" return of the jedi "" and "" empire strikes back . """,pos
0,cv031,18452,20,"so , obviously , his appearance in "" phantom menace "" is meant to stir some echoes of his later role in the series , thus making his role here more meaningful .",pos
0,cv031,18452,21,a lot of the movie is like that .,pos
0,cv031,18452,22,"r2-d2 and c-3po make token appearances , and it's obvious that lucas is banking on the audience's pre-existing fondness for them . . .",pos
0,cv031,18452,23,because he doesn't do much to add to it in any way .,pos
0,cv031,18452,24,"same goes for jabba the hutt , who doesn't look as much mean here as he does corpulent and lazy .",pos
0,cv031,18452,25,"even * planets * make foreshadowing guest appearances in this film - tatooine ( the desert world where luke grew up ) , coruscant ( the cloud city from "" empire strikes back "" ) , and alderaan ( leia's home planet - which we never actually see - that gets blown up in "" star wars "" ) show up or are mentioned briefly in passing .",pos
0,cv031,18452,26,what's the result of tying so many plot points and characters to future films ?,pos
0,cv031,18452,27,the answer is that this one seems surprisingly empty .,pos
0,cv031,18452,28,"there's no meat - no substance - that makes you want to love the characters as they are , not as they will be .",pos
0,cv031,18452,29,another problem is that there are actually * too many * alien characters in the film .,pos
0,cv031,18452,30,"i was distracted by the fact that two of the main evil characters - strange looking aliens who looked like gila monsters - had mouths that barely moved , making them look more like muppets than actual characters .",pos
0,cv031,18452,31,"and jar jar binks , a silly roger rabbitish amphibious character , is intended as comic relief , but what he really becomes is annoying - and fast .",pos
0,cv031,18452,32,"unlike chewbacca and c-3po , who got their humanity ( if you'll pardon the expression ) from their interactions with the human characters , jar jar is often left to interact mostly with others of his kind , at times making the movie seem like nothing more than a very expensive "" teenage mutant ninja turtles . """,pos
0,cv031,18452,33,"furthermore , the dialogue is often stilted and corny , and sometimes downright infantile , thereby rendering some characters into nothing more than bystanders to the plot .",pos
0,cv031,18452,34,"oddly , this isn't just * my * judgment - lucas has said that he designed this film for kids .",pos
0,cv031,18452,35,"well , he's done a good job .",pos
0,cv031,18452,36,"the hero of this film , of course , is young anakin , but it was very hard for me to feel any kinship or identify with an eight-year-old boy .",pos
0,cv031,18452,37,"that's not jake lloyd's fault , though - he does a good job of being a cute kid , which is apparently all lucas asked of him .",pos
0,cv031,18452,38,"that's another mistake , of course , because the cute tyke becomes darth vader .",pos
0,cv031,18452,39,warning : spoilers ahead ! ! ! !,pos
0,cv031,18452,40,"in my opinion , there was not nearly enough foreshadowing of anakin's future evil in the film .",pos
0,cv031,18452,41,"the boy is all blond flowing hair and rosy cheeks , and there's nothing more than a spark of aggression in him throughout the entire movie .",pos
0,cv031,18452,42,"he has a doting mother ( pernilla august , making her first english- language film ) and is a slave to a gross flying gnome on tatooine .",pos
0,cv031,18452,43,but the only indication the audience gets that this kid isn't all hearts and roses is yoda's hesitation in allowing him to train as a jedi under qui-gon jinn .,pos
0,cv031,18452,44,his explanation ?,pos
0,cv031,18452,45,""" his future is clouded . """,pos
0,cv031,18452,46,( warning : major spoiler ahead .,pos
0,cv031,18452,47,enter at your own risk . ),pos
0,cv031,18452,48,"of course , the noble qui-gon dies at the hand of darth maul , a scary-looking sith lord who excels at the jedi arts , but has turned to the dark side .",pos
0,cv031,18452,49,"this dude has maybe two lines in the entire movie , but he establishes his presence through his amazing moves with his double-sided lightsaber , and his scary facial makeup .",pos
0,cv031,18452,50,"because qui-gon never gets a chance to train the young anakin in the ways of the force , obi-wan , qui-gon's young padawan apprentice ( one level below knightdom ) , must take over the training himself .",pos
0,cv031,18452,51,"so , at the end of the movie , we end where the saga actually begins - with obi-wan kenobi and his young apprentice , anakin "" darth vader "" skywalker .",pos
0,cv031,18452,52,did this story need to be told ?,pos
0,cv031,18452,53,i would say no .,pos
0,cv031,18452,54,but is it a worthwhile movie to see ?,pos
0,cv031,18452,55,absolutely .,pos
0,cv031,18452,56,"if you don't enter the theater with jedi-size expectations , and you simply want to be treated to an enjoyable visual spectacle , then this is your movie .",pos
0,cv031,18452,57,the tatooine pod races are a triumph of effects and computer animation .,pos
0,cv031,18452,58,the digitalized backgrounds on some of the planets are an astonishing sight .,pos
0,cv031,18452,59,"and yoda and young obi-wan are worth seeing for their origins in a simpler , happier time .",pos
0,cv031,18452,60,"above all , this is a fun movie .",pos
0,cv031,18452,61,"not deep , not meaningful , and not profound .",pos
0,cv031,18452,62,but fun .,pos
0,cv031,18452,63,"maybe next time , lucas will hire lawrence kasdan to co-write the script , and the guy who directed "" empire "" will direct .",pos
0,cv031,18452,64,"because if lucas does the next one himself , it will be lacking the one thing it needs the most - potential .",pos
0,cv031,18452,65,: ),pos
0,cv032,22550,0,"as african american detective vergil tibbs questions a suspected white murderer inside a jail cell , there is a wonderful , eye-catching shot which instantaneously presents the main message of the entire film .",pos
0,cv032,22550,1,the shot has tibbs' face completely covered by the shadows of the prison bars .,pos
0,cv032,22550,2,"to see these bars blocking his face , we see how separated tibbs is from the rest of the characters in the film .",pos
0,cv032,22550,3,"as a black detective conducting an investigation in a southern town full of violent white bigots , no matter how innocent tibbs is , he is still seen by these bigots as a threat simply because of the color of his skin .",pos
0,cv032,22550,4,"the bars show that tibbs has not been given a fair chance to show exactly who he is , instead others have chosen him as different and dangerous .",pos
0,cv032,22550,5,this one shot amazes me because it captures a whole theme in a matter of seconds .,pos
0,cv032,22550,6,it perhaps may be the most powerful image i have seen in a film .,pos
0,cv032,22550,7,""" in the heat of the night "" was the first and the best of the three films norman jewison directed concerning racism in america .",pos
0,cv032,22550,8,jewison has a very keen style of displaying various cases of racism as he is neither pedantic nor overly sentimental .,pos
0,cv032,22550,9,in these three films he does an excellent job creating very detailed equal analyses of characters from the abused to the abusers .,pos
0,cv032,22550,10,he is also not afraid to tell the absolute truth about how corrupt society was in the past and is in the present .,pos
0,cv032,22550,11,"preceding the very original "" a soldier's story "" and the recently released "" the hurricane , "" "" in the heat of the night contains some classic lines and some very memorable characters .",pos
0,cv032,22550,12,"the film , which won best picture in 1967 focuses on vergil tibbs , played superbly by sidney poitier as a fearless african american police officer from philadelphia who refuses to give up on an investigation in a white town where is he not wanted .",pos
0,cv032,22550,13,tibbs is a man who rarely loses his temper and that is worth mentioning because he is constantly facing abuse from those around him .,pos
0,cv032,22550,14,"as a hero who is not afraid to face off against five men with chains , tibbs is the perfect protagonist .",pos
0,cv032,22550,15,"poitier also gives an excellent , noteworthy voice to his character .",pos
0,cv032,22550,16,"never nervous and always commanding , his speech patterns are very manipulative as they range from stentorian to soothing .",pos
0,cv032,22550,17,"however , unlike "" the hurricane "" where denzel washington dominated over the rest of the cast , poitier shares the spotlight with rod steiger , who won best actor for his excellent performance .",pos
0,cv032,22550,18,"as a sheriff who helps tibbs and warns him of the dangers around him , steiger shows a great amount of skill in his role .",pos
0,cv032,22550,19,he starts off as racist and blind as the other townspeople .,pos
0,cv032,22550,20,"he would refer to tibbs as "" boy "" and would always suspiciously keep an eye on him .",pos
0,cv032,22550,21,"as the film progresses though , there is a very gradual change in the sheriff .",pos
0,cv032,22550,22,he begins to see the hardships tibbs faces and he sees the foolishness of his own neighbors .,pos
0,cv032,22550,23,what i really enjoyed about steiger's character was that he did not completely abandon his friends or connect with tibbs at the end of the film .,pos
0,cv032,22550,24,he still could not refer to tibbs as mister tibbs or officer tibbs but rather settled for virgil .,pos
0,cv032,22550,25,"instead , it was apparent that he was eventually going to see the world differently in the future .",pos
0,cv032,22550,26,most movies would have a character reversing all of his beliefs and influences in a matter of minutes .,pos
0,cv032,22550,27,this action would not have been realistic at all since it is nearly impossible for someone to believe something one day and believe something else the next day .,pos
0,cv032,22550,28,jewison's determination to make this film as realistic as possible is very obvious here and also very appropriate .,pos
0,cv032,22550,29,""" in the heat of the night "" shows the difference between the north and the south or a major city and a small town in the united states during the 1960's .",pos
0,cv032,22550,30,it displays this perfectly .,pos
0,cv032,22550,31,"however , the actual investigation , although it is not the main focus of the film , lacks interest .",pos
0,cv032,22550,32,it seemed rushed especially towards the end as if jewison had given his message about racism and did not feel like giving a credible explanation involving the murder victim .,pos
0,cv032,22550,33,there were way too many characters added during the last fifteen minutes and some of the scenes during this time period were inane ( police officer sam being a suspect was not needed ) .,pos
0,cv032,22550,34,"also , it is given that tibbs is a vigilant homicide detective who is the best at what he does , but some of his discoveries came out of nowhere and how he found out some of the important case details towards the end were never answered .",pos
0,cv032,22550,35,the rushed ending was the only mistake of this otherwise memorable jewison classic .,pos
0,cv032,22550,36,( a congratulations has to be given to actor scott wilson .,pos
0,cv032,22550,37,"he managed to be in the two best movies of 1967 , "" in the heat of the night "" and the even better "" in cold blood . "" )",pos
0,cv033,24444,0,in wonder boys michael douglas plays an aged writer \ professor with such lived-in naturalism that i believe it may be his best performance .,pos
0,cv033,24444,1,"ever since wall street , douglas has spent the greater part of his career playing variations on the shark in a suit gordon gecko character he personified in the mid-80's .",pos
0,cv033,24444,2,"in those performances he tended to exaggerate the vehemence of cutthroat businessmen , with much frothing at the mouth while projecting all his bad intentions to the world .",pos
0,cv033,24444,3,"you'd think such a man would keep his evil wrapped tightly underneath a good-natured veneer , but from gordon gecko to nicholas van orton , douglas played the role straight and out in the open .",pos
0,cv033,24444,4,"in wonder boys his performance isn't showy or a tour de force , it's simple yet truthful .",pos
0,cv033,24444,5,"he embodies grady , a craggy old writer with a predilection for pot and pink bathrobes .",pos
0,cv033,24444,6,grady instructs a writers workshop while working tirelessly on a follow up to the novel that put him on the map .,pos
0,cv033,24444,7,"when we first encounter this curmudgeon in the midst of his workshop , we hear his sardonic narration on the soundtrack as students bombard one of their own with unfair criticisms .",pos
0,cv033,24444,8,"grady points out , in his narration , that they only do so out of jealousy .",pos
0,cv033,24444,9,"their target is the very writerly named james leer ( played by the always understated tobey maguire ) , a student full of potential and one whom grady develops a mild affection for .",pos
0,cv033,24444,10,leer is the kind of youth who seems to mechanically block out emotions .,pos
0,cv033,24444,11,he speaks in an intellectualized monotone with just a hint of dry wit around the edges .,pos
0,cv033,24444,12,"he's portentous and gloomy , as if modeling himself after the great depressed writers , though his act is a little too calculated .",pos
0,cv033,24444,13,"he reminds me of the self-imposed outcast film director , jim jarmusch ( dead man , ghost dog ) .",pos
0,cv033,24444,14,"whenever i happen to catch jarmusch in an interview i see the man speaking in a toneless manner ( the monotonous drawl supposedly masking depth or contempt for his interviewer ) , exclusively dressed in black , and with his spiked hair dyed snow white .",pos
0,cv033,24444,15,"leer is similar , a guy who equates quirks with depth .",pos
0,cv033,24444,16,tobey maguire fits well in the role .,pos
0,cv033,24444,17,"with his round , sweet-eerie face he resembles bud cort from harold and maude .",pos
0,cv033,24444,18,"but unlike cort , maguire is easier to warm up to ; he's a messed up kid reaching for artistic credibility .",pos
0,cv033,24444,19,"katie holmes plays hannah , a beautiful , talented writing student just itching to get in grady's pants .",pos
0,cv033,24444,20,this is a plot line i had trouble with .,pos
0,cv033,24444,21,"douglas , in his old age , is beginning to resemble jerry springer , a man who has actually paid for sex on numerous documented occasions .",pos
0,cv033,24444,22,"at first i found it extremely difficult to believe that someone as beautiful as hannah would desire grady ( maybe it's because i'm jealous , and wish holmes was throwing herself at me , after all i may just be a lowly internet critic but at least i still have all my teeth ) , then i think of douglas's real life companion , the breathtaking catherine zeta jones .",pos
0,cv033,24444,23,seeing those two together looks a lot like a kidnapping .,pos
0,cv033,24444,24,suddenly my mind has shifted from the task at hand ( that being reviewing this completely wonderful movie ) and i'm pontificating on why the hell jones would desire douglas .,pos
0,cv033,24444,25,there is a movie in there somewhere .,pos
0,cv033,24444,26,"grady , rather chivalrously if you ask me , resists the charms of hannah for sara gaskell ( a droll frances mcdormand ) , who is his age , but also married to another professor .",pos
0,cv033,24444,27,"okay , maybe not so chivalrous .",pos
0,cv033,24444,28,"there is a great line in the film spoken by douglas about sara where he says , "" she was a junkie for the printed word .",pos
0,cv033,24444,29,"lucky for me i manufactured her drug of choice "" .",pos
0,cv033,24444,30,robert downy j . r plays a bisexual editor who makes his entrance with a towering transvestite on his arm .,pos
0,cv033,24444,31,downy has mastered the gleefully dry hyper articulate wit of many a hipster intellectual .,pos
0,cv033,24444,32,he's arrogant but completely likeable in his utter arrogance .,pos
0,cv033,24444,33,"the actor is perfectly cast here , and remains a joyous movie presence somewhere between a typical tom hanksian comic leading man and edgy character actor .",pos
0,cv033,24444,34,i wish wonder boys had more of him .,pos
0,cv033,24444,35,"searching for a plot among the elements of wonder boys would be pointless , for it meanders through its running time , but that's part of its charm .",pos
0,cv033,24444,36,"and maybe i'm a bit biased towards the film because it takes place in a haven of literary academia , a place i'm greatly fond of , and a place rarely explored in american cinema .",pos
0,cv033,24444,37,"everyone has a sub-genre ( be it war films , westerns , dance movies ) that they happen to be privy to .",pos
0,cv033,24444,38,i'm privy to films about literary types i . e .,pos
0,cv033,24444,39,"those individuals enthralled by the written word , and if you are not so inclined it may be wise to knock my above grade down about half a notch .",pos
0,cv033,24444,40,"the direction by curtis hanson is more akin to a european film with its leisurely pace and situations that grow from the characters , rather than generic mapped out story points .",pos
0,cv033,24444,41,"sometimes the dialogue is too clever , but that's a problem i wish i found with films more often .",pos
0,cv033,24444,42,"another minor quibble is that early on the film seems a bit too introverted , like its characters , but as the story progresses it begins to open up .",pos
0,cv033,24444,43,"for me wonder boys works as subtle drama because of its insight into artistic types , and as a low-key comedy for its chuckle-worthy throwaway gags .",pos
0,cv033,24444,44,"the gags are like those in the great robert altman ( m * a * s * h , the long goodbye ) movies , where jokes exist as asides on the fringes , like jokes in life often do .",pos
0,cv033,24444,45,"the broader comedy such as the killing of a blind dog , and incessant smoking of marijuana isn't ineffective but not nearly as memorable as the little things .",pos
0,cv033,24444,46,"curtis hanson , who before his last film , la confidential , toiled about with exploitation fare like losin' it ( an early tom cruise sex comedy ) and the hand the rocks the cradle , has graduated to more meaningful films .",pos
0,cv033,24444,47,"he directs wonder boys in an appropriately dour style , the comedy coming from the false gloom his characters put up .",pos
0,cv033,24444,48,"the morose crooning of leonard cohen would seem an odd song for the background of any party , but in a wonder boys party , it fits .",pos
0,cv033,24444,49,the film is like a piece of literature put up on the big screen .,pos
0,cv033,24444,50,"it's the cinematic equivalent to a good read , novelistic in its approach with themes rarely found in american movies .",pos
0,cv033,24444,51,"many will find it slight , but i found much to savor among its subtleties .",pos
0,cv034,29647,0,plot : derek zoolander is a male model .,pos
0,cv034,29647,1,he is also very dumb and impressionable .,pos
0,cv034,29647,2,"for that reason , he is secretly hired and trained ( so secret , that even he doesn't know about it ) by an underground fashion syndicate to assassinate the prime minister of malaysia , who wants to abolish child labor in his country .",pos
0,cv034,29647,3,will zoolander fulfill the dirty deed ?,pos
0,cv034,29647,4,"will zoolander ever grace the world his new "" look "" ?",pos
0,cv034,29647,5,is this a funny movie ?,pos
0,cv034,29647,6,find out below . . .,pos
0,cv034,29647,7,"critique : there's a place in our world for "" stupid comedies "" .",pos
0,cv034,29647,8,"films which don't pretend to take themselves seriously , are based on idiotic premises and filled with dumb jokes .",pos
0,cv034,29647,9,"there's also a time for them and many would argue that this difficult period of our history , might be an ideal circumstance during which to "" relax "" by watching something so completely frivolous .",pos
0,cv034,29647,10,"well , if you're in the mood for some seriously mindless entertainment , ben stiller and his cast of many have assembled one of the more original dumb comedies in some time .",pos
0,cv034,29647,11,"of course , comedies as such are usually very subjective and i could see how some will see this film simply as stupid and unfunny , while others will grant them the "" stupid "" , but consider it funny instead .",pos
0,cv034,29647,12,"i personally enjoyed it for the most part , cracked up loudly during a couple of specific sequences and loved the derek zoolander character and the unrestrained whipping they released upon the fashion industry .",pos
0,cv034,29647,13,snap !,pos
0,cv034,29647,14,"it was also nice to see several real-life models with small roles in the movie , not taking themselves too seriously .",pos
0,cv034,29647,15,"and if you're the type of person who likes celebrity cameos in films , well , don't look any further because dozens of famous faces show up here including vince vaughn , billy zane , winona ryder , christian slater , david duchovny , natalie portman and many , many others .",pos
0,cv034,29647,16,i especially liked andy dick's complete make-over as the masseuse .,pos
0,cv034,29647,17,hi-larious !,pos
0,cv034,29647,18,"but with all films of this type , there is bound to be some stuff that simply doesn't work .",pos
0,cv034,29647,19,"a few particulars which didn't strike my fancy included the bulimia and "" orgy "" sequence with christine taylor , the break-dance fighting , and i also never get why they use real countries in plots like this ( why not just "" make up "" a country , instead of zeroing in on a certain people ? ) .",pos
0,cv034,29647,20,"i also could have done with less of the taylor character in general , since she wasn't all that interesting and seemed to slow things down every now and then ( more zoolander , dude ! ) .",pos
0,cv034,29647,21,but those few missteps were nothing compared to some of the more memorable scenes which definitely did work for me !,pos
0,cv034,29647,22,"i almost pissed myself during the "" gas station "" disaster , absolutely adored the "" walk-off "" contest ( with david bowie as the judge , no less ) and appreciated many of zoolander's moronic one-liners ( "" i was a merman . . . a",pos
0,cv034,29647,23,"merman ! ! "" ) .",pos
0,cv034,29647,24,"and i dare you to get his "" monkey "" photo shoot out of your head after seeing this movie ( "" you're a monkey , derek . . . a",pos
0,cv034,29647,25,"monkey ! "" )",pos
0,cv034,29647,26,"i also really liked the soundtrack and the pace of the film , both of which zipped and zagged , and established a nice rhythm to it all .",pos
0,cv034,29647,27,"again , it's to note that this movie is dumb and not for everyone , but my guess is that if you laughed at the trailer , you will likely enjoy many of the quips in the actual picture as well .",pos
0,cv034,29647,28,"if you thought the trailer was dumb , skip this dodo bird and go rent austin powers again or something , a film from which there is an obvious influence here .",pos
0,cv034,29647,29,"blue steel , baby . . . yeah ! ! !",pos
0,cv034,29647,30,where's joblo coming from ?,pos
0,cv034,29647,31,"austin powers ( 7/10 ) - austin powers 2 ( 7/10 ) - deuce bigalow ( 7/10 ) - dude , where's my car ( 7/10 ) - freddy got fingered ( 5/10 ) - jay & silent bob strike back ( 8/10 ) - joe dirt ( 5/10 ) - meet the parents ( 8/10 ) - say it isn't so ( 3/10 )",pos
0,cv035,3954,0,"unzipped is a cinematic portrait of isaac mizrahi , an artist whose palette is fabric .",pos
0,cv035,3954,1,"ostensibly , the film is a documentary , but use of that term requires stretching its meaning .",pos
0,cv035,3954,2,"many scenes appear staged , and a great deal of cutting-and-pasting has been done in the editing room .",pos
0,cv035,3954,3,"the cinema verite effect is a conceit -- genuine spontaneity is at a premium , and everyone is aware of and playing to the camera ( especially would-be actresses like cindy crawford ) .",pos
0,cv035,3954,4,"director douglas keeve ( who was mizrahi's lover at the time ) freely admits that he "" couldn't care less about the truth "" but was more interested in capturing "" the spirit and love in isaac and in fashion . """,pos
0,cv035,3954,5,"despite violating nearly every rule of "" legitimate "" documentary film making , however , unzipped is a remarkably enjoyable piece of entertainment .",pos
0,cv035,3954,6,"while it sheds only a little light on the behind-the-scenes world of the fashion industry , it presents a fascinating , if incomplete , picture of designer mizrahi .",pos
0,cv035,3954,7,"this man is the perfect subject for this kind of study -- he's funny , energetic , and eminently quotable .",pos
0,cv035,3954,8,"he has unusual views on just about everything , from fashion ( "" it's about women not wanting to look like cows "" ) to mary tyler moore ( "" between her and jackie kennedy , they shaped this country "" ) to style ( "" it's almost impossible to have style nowadays without the right dogs "" ) .",pos
0,cv035,3954,9,unzipped also gives a glimpse into the creative process by which mizrahi turns an idea into a dress .,pos
0,cv035,3954,10,it's almost certainly different that anyone would imagine .,pos
0,cv035,3954,11,"the designer draws on a variety of sources for his look , including nanook of the north and old bette davis movies , then enlists the aid of a ouija board to help form the collection .",pos
